date,pm10,pm2_5,carbon_monoxide,nitrogen_dioxide,sulphur_dioxide,ozone,aerosol_optical_depth,dust,uv_index,us_aqi,european_aqi
2022-08-01,,,,,,,,,,,
2022-08-02,,,,,,,,,,,
2022-08-03,,,,,,,,,,,
2022-08-04,27.152631578947368,18.98421052631579,328.1578947368421,13.226315789473684,5.373684210526315,75.52631578947368,0.49105263157894735,0.42105263157894735,2.094736842105263,,
2022-08-05,15.529166666666667,10.879166666666668,237.875,13.645833333333334,6.395833333333333,52.833333333333336,0.22166666666666668,0.0,1.0666666666666667,55.31578947368421,29.157894736842106
2022-08-06,10.029166666666667,7.008333333333333,180.58333333333334,10.704166666666666,4.6499999999999995,42.416666666666664,0.12291666666666667,0.0,1.3583333333333334,36.041666666666664,19.75
2022-08-07,8.245833333333334,5.758333333333333,170.16666666666666,8.783333333333333,2.9583333333333335,42.25,0.10333333333333333,0.0,1.03125,27.833333333333332,17.25
2022-08-08,6.7250000000000005,4.716666666666667,160.83333333333334,7.508333333333333,2.841666666666667,42.083333333333336,0.06125,0.0,1.1375,21.916666666666668,16.791666666666668
2022-08-09,7.120833333333334,4.866666666666666,148.16666666666666,6.470833333333334,3.0375,46.958333333333336,0.12916666666666668,0.5,1.5916666666666668,22.208333333333332,18.75
2022-08-10,11.904166666666667,7.625,147.33333333333334,6.283333333333334,3.841666666666667,52.666666666666664,0.21666666666666667,2.875,1.6708333333333334,24.791666666666668,20.916666666666668
2022-08-11,10.012500000000001,6.625,149.08333333333334,6.425,5.2625,48.333333333333336,0.2125,1.4583333333333333,2.0541666666666667,33.5,19.791666666666668
2022-08-12,8.520833333333334,5.720833333333334,146.25,6.229166666666667,3.9416666666666664,42.5,0.13416666666666668,0.75,2.24375,24.916666666666668,17.166666666666668
2022-08-13,9.879166666666666,6.5375000000000005,148.0,6.166666666666667,3.329166666666667,42.375,0.18208333333333335,1.4166666666666667,2.1041666666666665,27.708333333333332,17.625
2022-08-14,9.612499999999999,6.5125,164.79166666666666,7.6375,3.329166666666667,36.625,0.24375,0.9166666666666666,1.0229166666666667,27.5,14.958333333333334
2022-08-15,12.804166666666667,8.491666666666665,184.79166666666666,9.333333333333334,3.2583333333333333,36.083333333333336,0.32958333333333334,2.0833333333333335,1.0729166666666667,28.916666666666668,14.958333333333334
2022-08-16,17.670833333333334,11.395833333333334,185.33333333333334,12.091666666666667,6.583333333333333,39.625,0.42291666666666666,3.375,1.89375,42.791666666666664,21.666666666666668
2022-08-17,21.241666666666667,13.479166666666666,233.58333333333334,10.075000000000001,4.883333333333334,41.083333333333336,0.40625,4.875,1.8875,49.75,24.291666666666668
2022-08-18,17.912499999999998,11.379166666666668,202.08333333333334,9.012500000000001,3.8833333333333333,43.25,0.29291666666666666,4.875,2.464583333333333,51.625,25.958333333333332
2022-08-19,17.099999999999998,10.7125,194.625,8.4,3.6374999999999997,40.875,0.2816666666666667,4.916666666666667,1.8541666666666667,48.0,23.5
2022-08-20,12.804166666666667,8.408333333333333,169.5,7.233333333333333,3.3833333333333333,43.333333333333336,0.21041666666666667,2.125,2.0083333333333333,38.708333333333336,20.375
2022-08-21,12.204166666666666,7.945833333333333,164.41666666666666,7.358333333333333,3.5541666666666667,39.25,0.29916666666666664,2.375,1.5729166666666667,31.791666666666668,17.083333333333332
2022-08-22,13.766666666666666,8.808333333333334,168.25,8.133333333333333,3.5124999999999997,39.5,0.42625,3.1666666666666665,1.51875,34.958333333333336,18.5
2022-08-23,13.716666666666667,9.049999999999999,193.33333333333334,9.808333333333334,4.4125000000000005,44.041666666666664,0.33166666666666667,2.1666666666666665,1.9958333333333333,37.75,20.375
2022-08-24,15.975000000000001,10.454166666666667,218.125,10.270833333333334,3.7083333333333335,46.583333333333336,0.3020833333333333,2.9583333333333335,2.05625,40.0,21.916666666666668
2022-08-25,22.462500000000002,14.945833333333333,314.4583333333333,15.095833333333333,4.920833333333333,57.125,0.36125,2.25,1.9020833333333333,48.541666666666664,27.958333333333332
2022-08-26,31.9375,21.258333333333333,378.7083333333333,17.337500000000002,5.470833333333334,56.875,0.4479166666666667,3.0833333333333335,1.5875000000000001,62.041666666666664,36.958333333333336
2022-08-27,33.775,22.425,333.1666666666667,14.420833333333334,5.470833333333334,63.583333333333336,0.5004166666666666,3.0416666666666665,2.1416666666666666,74.54166666666667,54.0
2022-08-28,32.52916666666666,21.34166666666667,335.625,14.829166666666666,6.2875000000000005,59.583333333333336,0.48208333333333336,3.0833333333333335,1.7125000000000001,69.375,44.625
2022-08-29,42.5,28.65416666666667,449.0833333333333,21.316666666666666,6.2749999999999995,57.583333333333336,0.7741666666666668,2.7083333333333335,0.8729166666666667,78.0,57.583333333333336
2022-08-30,30.320833333333336,21.083333333333332,384.5,16.712500000000002,5.008333333333334,68.375,0.45166666666666666,0.5416666666666666,1.8854166666666667,77.04166666666667,55.583333333333336
2022-08-31,22.1875,15.345833333333333,288.1666666666667,14.433333333333332,4.183333333333333,55.041666666666664,0.26666666666666666,0.0,2.0187500000000003,65.25,39.166666666666664
2022-09-01,23.766666666666666,16.366666666666667,327.2916666666667,13.75,4.616666666666666,50.041666666666664,0.2554166666666667,0.0,2.1166666666666667,54.583333333333336,29.791666666666668
2022-09-02,18.979166666666668,12.983333333333334,312.875,15.945833333333333,4.604166666666667,36.125,0.13708333333333333,0.0,2.379166666666667,59.416666666666664,32.875
2022-09-03,24.054166666666664,16.629166666666666,465.7083333333333,14.825000000000001,5.945833333333333,37.625,0.1275,0.0,2.5520833333333335,49.625,25.458333333333332
2022-09-04,32.983333333333334,22.983333333333334,534.1666666666666,20.7375,6.891666666666667,51.083333333333336,0.3183333333333333,0.0,1.8062500000000001,70.83333333333333,47.791666666666664
2022-09-05,29.008333333333336,20.275000000000002,429.8333333333333,20.941666666666666,6.029166666666666,52.916666666666664,0.3854166666666667,0.0,1.1395833333333334,70.83333333333333,47.208333333333336
2022-09-06,29.354166666666668,20.529166666666665,453.0833333333333,19.579166666666666,6.254166666666666,69.75,0.39625,0.0,1.66875,68.29166666666667,45.291666666666664
2022-09-07,26.808333333333334,18.729166666666668,394.5416666666667,19.3125,5.270833333333333,69.875,0.32666666666666666,0.0,1.8041666666666665,63.541666666666664,40.583333333333336
2022-09-08,38.78333333333333,27.116666666666664,456.25,22.620833333333334,8.429166666666667,56.833333333333336,0.4741666666666667,0.0,0.7791666666666667,75.58333333333333,53.375
2022-09-09,28.608333333333334,19.979166666666668,369.2083333333333,14.8125,6.933333333333334,76.625,0.36541666666666667,0.0,1.5104166666666667,73.79166666666667,53.541666666666664
2022-09-10,14.5,10.129166666666666,260.5416666666667,10.583333333333334,3.3541666666666665,55.833333333333336,0.13708333333333333,0.0,0.8562500000000001,58.291666666666664,32.125
2022-09-11,8.666666666666666,6.066666666666666,207.16666666666666,8.416666666666666,3.4,46.833333333333336,0.09708333333333334,0.0,0.80625,32.583333333333336,18.833333333333332
2022-09-12,9.645833333333334,6.5125,162.70833333333334,8.029166666666667,6.095833333333334,44.666666666666664,0.11833333333333333,0.5833333333333334,1.7375,24.458333333333332,17.916666666666668
2022-09-13,11.833333333333334,7.8875,170.58333333333334,9.125,8.4375,41.458333333333336,0.15708333333333332,0.875,1.58125,30.125,17.291666666666668
2022-09-14,13.916666666666666,9.129166666666666,187.875,11.395833333333334,8.483333333333333,39.0,0.19666666666666666,1.0416666666666667,1.9375,34.583333333333336,19.541666666666668
2022-09-15,13.120833333333332,8.733333333333333,177.83333333333334,10.9,8.325000000000001,41.333333333333336,0.17875,0.75,1.7791666666666668,40.083333333333336,21.166666666666668
2022-09-16,9.775,6.666666666666667,182.20833333333334,7.841666666666666,4.229166666666667,44.416666666666664,0.16166666666666665,0.0,1.675,31.291666666666668,18.833333333333332
2022-09-17,14.487499999999999,9.745833333333334,231.79166666666666,9.091666666666667,3.7083333333333335,44.166666666666664,0.17916666666666667,0.8333333333333334,1.8104166666666668,32.125,18.75
2022-09-18,17.408333333333335,11.5,232.75,9.783333333333333,3.920833333333333,48.666666666666664,0.21083333333333334,1.7083333333333333,2.11875,44.208333333333336,23.375
2022-09-19,18.245833333333334,12.35,242.0,10.333333333333334,4.1499999999999995,49.5,0.22458333333333333,0.875,1.01875,51.708333333333336,26.083333333333332
2022-09-20,23.833333333333332,16.445833333333333,259.5,11.0875,3.8000000000000003,52.375,0.36083333333333334,1.0833333333333333,0.56875,53.041666666666664,26.875
2022-09-21,31.6875,20.770833333333332,264.3333333333333,10.420833333333333,4.204166666666667,62.125,0.6308333333333334,4.083333333333333,1.1125,63.333333333333336,36.75
2022-09-22,32.675000000000004,21.8,274.7083333333333,10.950000000000001,4.404166666666667,64.08333333333333,0.7366666666666667,3.25,0.9458333333333333,71.875,49.041666666666664
2022-09-23,23.9375,15.862499999999999,270.0833333333333,10.866666666666667,4.8,57.125,0.3066666666666667,1.875,1.8458333333333334,65.5,39.333333333333336
2022-09-24,20.041666666666668,13.358333333333334,287.75,12.3125,4.825,45.791666666666664,0.18708333333333335,1.5,2.066666666666667,54.041666666666664,28.583333333333332
2022-09-25,29.045833333333334,20.004166666666666,423.75,20.979166666666668,7.0125,52.25,0.27375,0.2916666666666667,1.5250000000000001,57.416666666666664,33.291666666666664
2022-09-26,44.23333333333333,30.579166666666666,505.125,24.941666666666666,7.5375000000000005,54.958333333333336,0.4916666666666667,0.5,1.1833333333333333,82.875,59.75
2022-09-27,48.38333333333333,33.07083333333333,428.5,20.0,8.416666666666666,66.75,0.8020833333333334,2.5416666666666665,1.0354166666666667,87.29166666666667,63.541666666666664
2022-09-28,44.19583333333333,30.433333333333334,457.8333333333333,20.033333333333335,6.641666666666667,68.79166666666667,0.7599999999999999,1.7916666666666667,0.6770833333333334,97.5,67.45833333333333
2022-09-29,37.99583333333333,26.479166666666668,431.2916666666667,18.95,5.520833333333333,68.79166666666667,0.6841666666666666,0.75,0.6666666666666666,83.16666666666667,61.916666666666664
2022-09-30,49.77916666666667,34.270833333333336,477.8333333333333,19.75,8.554166666666667,70.875,0.88,2.2083333333333335,0.7541666666666668,84.70833333333333,62.666666666666664
2022-10-01,41.55833333333333,28.5,351.5416666666667,15.208333333333334,7.958333333333333,72.54166666666667,0.5708333333333333,1.2916666666666667,1.1333333333333333,96.58333333333333,67.0
2022-10-02,36.37083333333333,24.84583333333333,317.5,13.445833333333333,8.104166666666666,78.91666666666667,0.4475,0.875,1.5999999999999999,78.625,59.583333333333336
2022-10-03,37.983333333333334,25.71666666666667,326.1666666666667,14.579166666666666,9.991666666666667,75.20833333333333,0.36541666666666667,2.0,1.7166666666666668,80.54166666666667,60.958333333333336
2022-10-04,34.708333333333336,23.516666666666666,338.2916666666667,16.558333333333334,10.125,71.41666666666667,0.4033333333333333,1.75,1.4708333333333332,76.375,57.166666666666664
2022-10-05,50.262499999999996,33.90833333333333,494.4583333333333,19.895833333333332,11.745833333333332,75.83333333333333,0.6683333333333333,4.375,1.3499999999999999,78.08333333333333,57.833333333333336
2022-10-06,66.1125,45.43333333333334,648.0416666666666,23.650000000000002,9.558333333333334,68.375,0.8283333333333333,3.25,1.0604166666666666,126.0,76.625
2022-10-07,28.245833333333334,19.758333333333333,379.375,17.037499999999998,8.045833333333333,70.125,0.39375,0.16666666666666666,1.6312499999999999,91.45833333333333,62.666666666666664
2022-10-08,34.52916666666667,23.662499999999998,397.6666666666667,19.658333333333335,8.1625,69.25,0.3,0.4166666666666667,1.977083333333333,66.33333333333333,43.083333333333336
2022-10-09,37.88333333333333,26.141666666666666,396.2916666666667,18.7,8.012500000000001,71.58333333333333,0.36916666666666664,0.0,1.20625,79.66666666666667,60.25
2022-10-10,18.466666666666665,12.870833333333332,328.625,15.004166666666668,5.883333333333333,49.583333333333336,0.17458333333333334,0.0,1.1166666666666667,64.33333333333333,39.583333333333336
2022-10-11,17.375,12.049999999999999,273.9166666666667,12.720833333333333,3.6,56.708333333333336,0.24125,0.0,1.2041666666666666,52.333333333333336,27.833333333333332
2022-10-12,25.183333333333334,17.541666666666668,419.375,18.325,5.108333333333333,58.833333333333336,0.33749999999999997,0.0,0.8541666666666666,50.291666666666664,28.875
2022-10-13,31.84583333333333,22.270833333333332,448.5833333333333,21.145833333333332,7.7875000000000005,73.0,0.38666666666666666,0.0,1.6645833333333335,70.54166666666667,48.75
2022-10-14,25.916666666666668,18.133333333333333,479.5,22.741666666666664,7.2250000000000005,62.875,0.27291666666666664,0.0,0.8770833333333333,67.79166666666667,43.25
2022-10-15,33.65,23.541666666666668,398.9166666666667,17.808333333333334,10.870833333333332,71.58333333333333,0.49833333333333335,0.0,0.8145833333333333,71.33333333333333,49.041666666666664
2022-10-16,14.1875,9.841666666666667,267.625,13.466666666666667,4.379166666666666,36.791666666666664,0.15416666666666667,0.0,0.4666666666666666,55.75,31.541666666666668
2022-10-17,22.295833333333334,15.15,306.4166666666667,14.458333333333334,5.325,45.208333333333336,0.18875,0.0,1.6041666666666667,50.291666666666664,25.958333333333332
2022-10-18,42.729166666666664,29.583333333333332,622.9166666666666,27.879166666666666,8.075000000000001,51.083333333333336,0.3758333333333333,0.0,0.8479166666666668,69.70833333333333,46.041666666666664
2022-10-19,46.550000000000004,32.520833333333336,792.375,35.21666666666667,11.362499999999999,64.45833333333333,0.41291666666666665,0.0,1.2291666666666667,93.125,65.875
2022-10-20,33.80833333333333,23.479166666666668,583.0,26.662499999999998,6.329166666666667,65.75,0.47750000000000004,0.0,0.5395833333333333,83.16666666666667,61.916666666666664
2022-10-21,47.07083333333333,32.40833333333333,494.5833333333333,18.029166666666665,9.362499999999999,95.08333333333333,0.7008333333333333,0.08333333333333333,1.2958333333333332,83.45833333333333,59.875
2022-10-22,47.60833333333333,33.15,489.5833333333333,21.6875,17.9625,87.95833333333333,0.29250000000000004,0.75,1.8062500000000001,96.58333333333333,67.20833333333333
2022-10-23,50.85833333333333,34.9,522.1666666666666,23.1875,17.654166666666665,90.83333333333333,0.25958333333333333,3.25,1.8250000000000002,97.0,67.20833333333333
2022-10-24,58.90833333333333,40.30416666666667,690.4583333333334,29.55,11.700000000000001,76.125,0.32958333333333334,4.458333333333333,1.8187499999999999,100.16666666666667,68.45833333333333
2022-10-25,68.93333333333334,47.449999999999996,914.7083333333334,40.99583333333333,12.575000000000001,76.20833333333333,0.30124999999999996,3.7083333333333335,1.85625,119.54166666666667,74.625
2022-10-26,79.62916666666666,54.82916666666667,960.375,49.0875,17.466666666666665,70.91666666666667,0.32583333333333336,4.375,1.7687499999999998,148.0,85.75
2022-10-27,68.89583333333333,47.6875,811.5,37.37083333333333,15.291666666666666,73.75,0.3358333333333334,2.5416666666666665,1.7770833333333333,136.25,79.95833333333333
2022-10-28,55.583333333333336,38.583333333333336,573.6666666666666,23.983333333333334,16.258333333333333,82.95833333333333,0.3204166666666667,1.7916666666666667,1.8187499999999999,117.5,73.95833333333333
2022-10-29,49.012499999999996,33.92916666666667,384.4166666666667,11.5625,20.604166666666668,101.5,0.25625000000000003,1.875,1.7541666666666667,96.75,67.125
2022-10-30,58.60833333333333,40.31666666666667,421.5,12.016666666666666,24.7625,110.0,0.2841666666666667,3.5,1.7916666666666667,102.75,69.08333333333333
2022-10-31,72.84166666666667,50.26666666666667,549.8333333333334,20.933333333333334,25.650000000000002,98.91666666666667,0.37333333333333335,4.083333333333333,1.6833333333333333,130.08333333333334,77.95833333333333
2022-11-01,76.175,52.9,667.375,26.75,18.745833333333334,80.375,0.38833333333333336,0.75,0.9166666666666666,143.70833333333334,82.33333333333333
2022-11-02,63.775,43.88333333333333,570.2916666666666,24.020833333333332,15.85,75.29166666666667,0.52375,0.0,1.2125000000000001,123.625,75.95833333333333
2022-11-03,84.67916666666666,58.80416666666667,704.2916666666666,27.0,24.099999999999998,92.70833333333333,0.6991666666666667,0.125,1.3499999999999999,143.33333333333334,82.91666666666667
2022-11-04,71.1125,49.074999999999996,694.2916666666666,27.820833333333336,14.325000000000001,80.625,0.7041666666666666,0.0,0.9604166666666667,146.29166666666666,83.83333333333333
2022-11-05,61.62916666666666,42.0625,754.875,29.97083333333333,12.1,79.5,0.38916666666666666,0.8333333333333334,1.5062499999999999,126.0,76.75
2022-11-06,69.25,46.862500000000004,892.4583333333334,37.762499999999996,16.01666666666667,79.54166666666667,0.34,4.166666666666667,1.6187500000000001,118.04166666666667,74.16666666666667
2022-11-07,74.65416666666667,50.199999999999996,808.2916666666666,32.27916666666667,13.504166666666668,88.79166666666667,0.4395833333333334,6.458333333333333,1.6291666666666667,133.41666666666666,79.08333333333333
2022-11-08,72.55416666666666,49.333333333333336,707.25,30.59166666666667,13.325000000000001,94.375,0.43083333333333335,5.208333333333333,1.508333333333333,136.79166666666666,80.16666666666667
2022-11-09,77.89999999999999,53.67083333333333,791.4583333333334,35.15833333333333,17.591666666666665,91.20833333333333,0.43,3.2916666666666665,1.4958333333333333,136.875,80.125
2022-11-10,78.51666666666667,54.54583333333333,745.6666666666666,35.079166666666666,16.095833333333335,79.79166666666667,0.5108333333333334,1.7916666666666667,1.4958333333333333,149.45833333333334,84.625
2022-11-11,77.6125,54.12083333333334,514.6666666666666,18.733333333333334,18.625,105.66666666666667,0.5354166666666667,1.6666666666666667,1.3687500000000001,148.375,84.45833333333333
2022-11-12,60.04583333333333,41.69166666666667,505.75,20.258333333333333,17.462500000000002,89.20833333333333,0.44625,1.9166666666666667,1.3041666666666667,120.70833333333333,75.0
2022-11-13,70.675,49.12916666666666,579.5833333333334,22.054166666666664,19.241666666666667,100.5,0.4575,1.9166666666666667,1.4124999999999999,129.79166666666666,77.875
2022-11-14,79.29166666666667,55.24583333333334,741.625,32.0875,19.2625,93.58333333333333,0.4170833333333333,1.5416666666666667,1.4583333333333333,138.5,80.75
2022-11-15,93.21666666666665,64.74166666666666,837.5833333333334,39.36666666666667,19.55,84.375,0.4725,3.875,1.4124999999999999,153.08333333333334,89.20833333333333
2022-11-16,80.84166666666667,56.15416666666667,879.7916666666666,45.73333333333333,22.462500000000002,80.20833333333333,0.32916666666666666,2.5833333333333335,1.4833333333333334,153.125,89.08333333333333
2022-11-17,68.2,47.25833333333333,750.1666666666666,38.545833333333334,18.954166666666666,84.08333333333333,0.285,1.7916666666666667,1.5479166666666666,137.79166666666666,80.54166666666667
2022-11-18,77.72500000000001,53.762499999999996,738.0416666666666,36.483333333333334,19.191666666666666,80.33333333333333,0.3425,3.0,1.5083333333333335,137.0,80.25
2022-11-19,75.62916666666666,52.57083333333333,599.5416666666666,27.191666666666666,22.2375,96.41666666666667,0.45375000000000004,2.625,1.35625,145.375,83.0
2022-11-20,68.91250000000001,48.166666666666664,562.0,25.400000000000002,20.5125,101.125,0.32375000000000004,1.375,1.5645833333333332,132.91666666666666,78.83333333333333
2022-11-21,74.45416666666667,51.9625,634.25,25.162499999999998,26.508333333333336,92.04166666666667,0.3445833333333333,0.9583333333333334,1.5416666666666667,133.04166666666666,79.04166666666667
2022-11-22,80.2375,55.708333333333336,721.6666666666666,31.150000000000002,25.141666666666666,81.70833333333333,0.40875,0.4583333333333333,0.7479166666666667,145.45833333333334,82.95833333333333
2022-11-23,74.79583333333333,51.59166666666667,760.5416666666666,32.55833333333333,24.170833333333334,76.16666666666667,0.5316666666666666,0.375,1.3354166666666665,152.20833333333334,88.0
2022-11-24,50.52916666666667,34.5875,570.375,23.133333333333336,13.35,75.29166666666667,0.5633333333333334,0.0,1.11875,104.04166666666667,69.45833333333333
2022-11-25,64.94583333333334,44.50416666666666,595.9583333333334,26.929166666666664,18.375,86.375,0.7104166666666667,0.3333333333333333,1.1958333333333333,111.125,71.91666666666667
2022-11-26,97.8875,67.8,912.7916666666666,39.637499999999996,24.224999999999998,89.08333333333333,0.7420833333333333,2.3333333333333335,1.225,145.33333333333334,84.08333333333333
2022-11-27,96.25833333333333,66.87083333333334,885.9166666666666,39.420833333333334,25.754166666666666,97.33333333333333,0.8191666666666667,1.9166666666666667,1.1875,159.0,98.25
2022-11-28,76.80416666666666,53.44583333333333,473.5416666666667,15.420833333333334,26.53333333333333,120.41666666666667,0.5429166666666666,1.125,1.3375000000000001,150.58333333333334,86.58333333333333
2022-11-29,71.34583333333333,49.78333333333333,442.4166666666667,16.425,25.004166666666666,105.375,0.28958333333333336,0.4166666666666667,1.5395833333333335,139.58333333333334,81.0
2022-11-30,77.70416666666667,54.05833333333334,466.5416666666667,15.304166666666667,26.25,112.0,0.3445833333333333,0.5,1.4083333333333332,141.75,81.75
2022-12-01,83.16250000000001,57.32083333333333,558.25,21.025000000000002,26.541666666666668,110.16666666666667,0.6641666666666667,0.20833333333333334,1.2541666666666667,144.95833333333334,82.875
2022-12-02,98.825,68.125,846.125,33.166666666666664,23.679166666666664,93.5,0.7400000000000001,0.0,1.125,154.75,91.625
2022-12-03,75.64583333333333,52.199999999999996,731.4583333333334,29.78333333333333,18.929166666666667,100.20833333333333,0.7333333333333334,0.0,1.0083333333333333,154.08333333333334,90.58333333333333
2022-12-04,84.03750000000001,57.775,676.375,26.55,20.4375,106.5,0.8904166666666667,0.4583333333333333,1.0854166666666667,127.0,76.75
2022-12-05,133.76666666666668,92.62083333333334,777.625,31.2375,33.22083333333333,99.29166666666667,0.7416666666666667,0.6666666666666666,1.19375,164.25,106.04166666666667
2022-12-06,98.02083333333333,68.21666666666667,778.9583333333334,36.1875,25.6875,79.0,0.3958333333333333,0.0,1.4145833333333335,163.41666666666666,104.75
2022-12-07,86.21249999999999,59.72083333333333,596.125,27.520833333333332,21.154166666666665,79.33333333333333,0.48041666666666666,0.7083333333333334,1.2020833333333334,153.29166666666666,89.33333333333333
2022-12-08,60.708333333333336,42.35,491.25,22.087500000000002,19.558333333333334,90.45833333333333,0.22208333333333333,0.6666666666666666,1.4354166666666668,140.54166666666666,81.875
2022-12-09,56.7125,39.362500000000004,453.9166666666667,17.691666666666666,28.53333333333333,96.375,0.2970833333333333,1.0416666666666667,1.3020833333333333,108.04166666666667,70.91666666666667
2022-12-10,60.50833333333333,41.520833333333336,521.4166666666666,22.03333333333333,26.395833333333332,71.04166666666667,0.375,0.2916666666666667,0.49583333333333335,114.41666666666667,73.0
2022-12-11,21.72083333333333,14.920833333333334,363.875,15.4,6.520833333333333,61.125,0.2175,0.0,0.43333333333333335,87.79166666666667,59.166666666666664
2022-12-12,23.150000000000002,15.233333333333334,342.4166666666667,13.0,6.279166666666666,66.70833333333333,0.31875000000000003,0.0,1.1229166666666666,52.208333333333336,30.208333333333332
2022-12-13,9.674999999999999,6.520833333333333,173.54166666666666,4.870833333333334,3.466666666666667,45.916666666666664,0.21916666666666665,0.0,1.7437500000000001,49.666666666666664,25.75
2022-12-14,1.1125,0.7708333333333334,59.041666666666664,0.0,0.7333333333333334,27.0,0.03875,0.0,2.1625,16.375,10.791666666666666
2022-12-15,0.9916666666666667,0.7000000000000001,62.291666666666664,0.0,0.28750000000000003,33.416666666666664,0.04,0.0,2.2020833333333334,14.916666666666666,13.416666666666666
2022-12-16,58.60833333333333,40.079166666666666,696.4166666666666,28.25,16.670833333333334,62.291666666666664,0.4775,0.0,1.7979166666666666,54.833333333333336,40.041666666666664
2022-12-17,81.4375,56.229166666666664,897.5,41.96666666666667,26.1375,69.79166666666667,0.7041666666666666,0.0,1.0854166666666667,143.875,82.58333333333333
2022-12-18,54.23333333333333,37.766666666666666,598.75,29.683333333333334,22.09166666666667,75.83333333333333,0.2804166666666667,0.0,1.554166666666667,125.33333333333333,76.54166666666667
2022-12-19,80.375,55.520833333333336,930.5,42.50833333333333,24.474999999999998,81.83333333333333,0.26333333333333336,0.0,1.5875000000000001,130.16666666666666,78.04166666666667
2022-12-20,85.2375,57.23333333333333,870.0833333333334,36.225,20.75,96.54166666666667,0.3345833333333333,0.0,1.4666666666666666,150.29166666666666,85.29166666666667
2022-12-21,88.72500000000001,60.5875,976.4583333333334,43.425000000000004,24.47083333333333,97.5,0.2920833333333333,0.0,1.5666666666666667,152.16666666666666,87.625
2022-12-22,89.27083333333333,61.50416666666666,931.375,42.67083333333333,28.370833333333334,90.25,0.295,0.0,1.5333333333333332,153.08333333333334,88.91666666666667
2022-12-23,84.23333333333333,57.72083333333333,952.375,43.675000000000004,24.141666666666666,99.125,0.22041666666666668,0.0,1.5229166666666665,153.83333333333334,90.08333333333333
2022-12-24,75.56666666666666,50.449999999999996,653.4166666666666,27.745833333333334,18.216666666666665,102.33333333333333,0.2316666666666667,0.7083333333333334,1.4916666666666665,138.70833333333334,80.75
2022-12-25,57.44166666666666,36.94166666666667,532.75,18.941666666666666,12.799999999999999,93.08333333333333,0.19083333333333333,0.25,1.4937500000000001,126.08333333333333,76.70833333333333
2022-12-26,22.9875,15.325000000000001,338.7083333333333,12.733333333333334,5.575,60.125,0.21291666666666667,0.0,1.1291666666666667,73.375,47.166666666666664
2022-12-27,20.854166666666668,13.883333333333333,385.0,13.645833333333334,4.233333333333333,54.166666666666664,0.1475,0.0,1.3125,53.458333333333336,28.375
2022-12-28,34.75,23.65833333333333,651.0,23.77916666666667,7.333333333333333,65.54166666666667,0.22166666666666668,0.0,1.39375,60.708333333333336,38.333333333333336
2022-12-29,47.987500000000004,32.84166666666667,768.7916666666666,33.829166666666666,9.854166666666666,72.625,0.34,0.4166666666666667,1.3375000000000001,88.29166666666667,63.833333333333336
2022-12-30,68.97916666666667,47.46666666666667,867.6666666666666,37.22083333333333,12.625,84.75,0.48500000000000004,1.5416666666666667,1.3416666666666668,103.41666666666667,69.375
2022-12-31,84.57083333333334,58.42916666666667,1150.6666666666667,40.204166666666666,13.554166666666667,78.29166666666667,0.6308333333333334,1.9166666666666667,1.1624999999999999,148.5,85.16666666666667
2023-01-01,76.62083333333334,53.02916666666667,888.0833333333334,38.699999999999996,12.229166666666666,81.41666666666667,0.7670833333333333,1.25,1.04375,148.66666666666666,84.29166666666667
2023-01-02,71.85416666666667,49.44166666666666,506.1666666666667,22.099999999999998,10.279166666666667,95.79166666666667,0.835,1.125,1.1020833333333333,140.83333333333334,81.5
2023-01-03,60.47083333333333,40.829166666666666,411.7083333333333,17.099999999999998,6.370833333333334,83.5,0.9575,0.875,1.0,121.5,75.25
2023-01-04,50.05416666666667,33.18333333333333,375.375,15.129166666666668,6.020833333333333,81.54166666666667,0.8116666666666666,1.0416666666666667,1.13125,102.91666666666667,69.29166666666667
2023-01-05,41.42916666666667,27.329166666666666,446.2083333333333,13.4375,6.2875000000000005,87.45833333333333,0.5870833333333333,0.125,0.9604166666666667,91.70833333333333,65.41666666666667
2023-01-06,68.97500000000001,47.30833333333334,705.9166666666666,23.287499999999998,11.508333333333333,90.75,1.0491666666666666,0.2916666666666667,0.8937499999999999,96.04166666666667,66.625
2023-01-07,124.60833333333333,86.825,837.3333333333334,29.6875,28.075,78.625,1.3225,0.4166666666666667,0.7770833333333332,157.5,98.5
2023-01-08,56.28333333333333,39.2875,708.5,30.82083333333333,26.479166666666668,74.875,0.2004166666666667,0.25,1.5729166666666667,142.83333333333334,88.41666666666667
2023-01-09,69.18333333333334,48.362500000000004,930.1666666666666,43.887499999999996,27.349999999999998,80.0,0.17208333333333334,0.0,1.5916666666666668,122.54166666666667,75.625
2023-01-10,77.48333333333333,53.925000000000004,1001.5416666666666,46.45416666666667,27.2625,93.375,0.21208333333333332,0.0,1.5895833333333333,144.33333333333334,82.70833333333333
2023-01-11,69.37083333333332,48.12083333333334,807.5416666666666,36.75,21.995833333333334,109.375,0.28833333333333333,0.375,1.53125,132.875,77.79166666666667
2023-01-12,63.229166666666664,43.28333333333333,741.4583333333334,25.11666666666667,13.545833333333334,102.125,0.32875,0.5,1.4541666666666666,123.25,75.79166666666667
2023-01-13,68.91250000000001,47.15833333333333,726.875,29.708333333333332,13.966666666666667,101.58333333333333,0.43291666666666667,0.5,1.4020833333333333,124.70833333333333,76.33333333333333
2023-01-14,68.02916666666667,46.2875,614.25,26.1125,11.545833333333334,107.83333333333333,0.41125000000000006,0.5,1.4583333333333333,128.54166666666666,77.45833333333333
2023-01-15,54.35833333333333,37.083333333333336,470.3333333333333,18.825,9.975,110.04166666666667,0.36624999999999996,0.5,1.4937500000000001,122.54166666666667,74.83333333333333
2023-01-16,39.80416666666667,27.104166666666668,396.4166666666667,17.0625,7.5874999999999995,98.625,0.2316666666666667,0.125,1.6333333333333335,93.70833333333333,65.25
2023-01-17,34.37916666666667,23.366666666666664,302.0416666666667,10.816666666666668,6.716666666666666,90.70833333333333,0.17625000000000002,0.25,1.6500000000000001,80.33333333333333,60.625
2023-01-18,35.012499999999996,23.34166666666667,307.9583333333333,11.475,7.883333333333333,92.875,0.2404166666666667,0.125,1.6395833333333334,73.91666666666667,52.666666666666664
2023-01-19,48.083333333333336,32.24583333333333,363.2916666666667,13.745833333333332,6.779166666666666,95.54166666666667,0.3541666666666667,0.8333333333333334,1.5562500000000001,83.25,61.0
2023-01-20,57.025,38.050000000000004,374.125,13.808333333333332,5.120833333333334,91.625,0.4404166666666667,1.1666666666666667,1.5374999999999999,101.875,68.95833333333333
2023-01-21,52.12083333333334,34.99166666666667,462.4583333333333,20.204166666666666,6.716666666666666,91.04166666666667,0.3529166666666667,0.5833333333333334,1.6270833333333332,99.33333333333333,68.08333333333333
2023-01-22,60.425000000000004,40.737500000000004,419.5416666666667,15.358333333333334,7.191666666666666,92.25,0.45541666666666664,0.4166666666666667,1.5750000000000002,108.04166666666667,71.0
2023-01-23,62.85,41.800000000000004,414.25,12.333333333333334,7.491666666666667,95.875,0.3983333333333334,0.0,1.710416666666667,121.04166666666667,75.16666666666667
2023-01-24,32.50416666666667,21.233333333333334,269.2083333333333,9.637500000000001,5.004166666666666,83.75,0.21666666666666667,0.125,1.8291666666666666,90.04166666666667,63.041666666666664
2023-01-25,36.72083333333333,23.3875,301.2916666666667,11.529166666666667,5.820833333333333,89.0,0.17958333333333332,0.0,1.9166666666666667,67.29166666666667,44.541666666666664
2023-01-26,49.458333333333336,31.745833333333334,388.875,15.0875,6.6625000000000005,95.45833333333333,0.16125,0.0,1.9375,88.08333333333333,63.708333333333336
2023-01-27,57.375,38.11666666666667,491.1666666666667,19.616666666666667,11.9,102.79166666666667,0.21083333333333334,0.0,1.8062500000000001,99.79166666666667,68.0
2023-01-28,64.05416666666666,43.4625,608.6666666666666,24.795833333333334,14.779166666666667,109.45833333333333,0.28791666666666665,0.0,1.7979166666666666,114.33333333333333,72.58333333333333
2023-01-29,71.52916666666667,48.07083333333333,488.9583333333333,15.454166666666666,15.304166666666667,125.33333333333333,0.53125,0.0,1.6395833333333334,125.66666666666667,75.29166666666667
2023-01-30,53.89166666666667,34.608333333333334,407.2916666666667,11.629166666666668,6.675,93.16666666666667,0.39625,0.0,1.5229166666666665,118.54166666666667,74.25
2023-01-31,70.14999999999999,46.73333333333333,630.125,20.875,10.204166666666667,91.16666666666667,0.6341666666666667,0.0,1.4416666666666667,106.04166666666667,70.33333333333333
2023-02-01,89.47916666666667,61.53333333333333,857.9583333333334,32.5,25.587500000000002,99.29166666666667,0.8170833333333333,0.0,1.3770833333333332,148.70833333333334,86.16666666666667
2023-02-02,64.92083333333333,44.57083333333333,607.375,23.891666666666666,21.079166666666666,101.41666666666667,0.5091666666666667,0.0,1.6208333333333333,140.54166666666666,82.04166666666667
2023-02-03,40.45,27.895833333333332,573.4583333333334,24.979166666666668,16.775000000000002,91.0,0.205,0.0,1.9875,103.20833333333333,68.25
2023-02-04,61.2125,42.24166666666667,842.0833333333334,37.012499999999996,22.087500000000002,105.375,0.1975,0.0,2.0145833333333334,105.125,67.875
2023-02-05,68.85833333333333,47.895833333333336,936.25,43.19583333333333,20.675,108.04166666666667,0.29541666666666666,0.0,1.9104166666666667,134.875,77.625
2023-02-06,62.958333333333336,43.074999999999996,583.5833333333334,23.983333333333334,14.737499999999999,120.79166666666667,0.41583333333333333,0.0,1.9208333333333334,128.125,74.70833333333333
2023-02-07,66.25,44.90833333333333,626.0416666666666,20.245833333333334,11.612499999999999,114.45833333333333,0.6295833333333333,0.0,1.6520833333333333,117.20833333333333,72.45833333333333
2023-02-08,70.35000000000001,47.9625,688.0833333333334,25.037499999999998,12.195833333333333,114.125,0.5570833333333334,0.0,1.7437500000000001,138.5,78.83333333333333
2023-02-09,80.04583333333333,55.50833333333333,801.5,35.1875,26.579166666666666,102.79166666666667,0.3075,0.0,2.025,147.54166666666666,83.5
2023-02-10,69.25,48.15416666666667,468.4166666666667,16.779166666666665,24.629166666666666,106.95833333333333,0.19458333333333333,0.16666666666666666,2.0875,146.29166666666666,83.375
2023-02-11,54.00833333333333,37.525,382.25,14.883333333333333,19.579166666666666,111.54166666666667,0.1679166666666667,0.25,2.1229166666666663,112.54166666666667,70.70833333333333
2023-02-12,57.63333333333333,40.108333333333334,504.125,21.775000000000002,20.729166666666668,102.58333333333333,0.2070833333333333,0.041666666666666664,1.9854166666666666,120.25,74.29166666666667
2023-02-13,31.27916666666667,21.5625,442.6666666666667,22.245833333333334,12.4625,90.75,0.10791666666666666,0.6666666666666666,2.220833333333333,85.83333333333333,59.75
2023-02-14,44.25,30.8625,475.8333333333333,18.908333333333335,20.845833333333335,104.41666666666667,0.13083333333333333,0.125,2.1333333333333333,88.54166666666667,60.416666666666664
2023-02-15,39.75833333333333,27.2,349.5,12.133333333333333,19.724999999999998,104.58333333333333,0.12291666666666667,1.9583333333333333,2.19375,88.875,63.083333333333336
2023-02-16,40.858333333333334,27.583333333333332,330.2083333333333,11.262500000000001,18.8125,100.75,0.15208333333333332,3.7083333333333335,2.1229166666666663,86.16666666666667,62.791666666666664
2023-02-17,53.104166666666664,36.12916666666667,376.75,11.991666666666667,21.095833333333335,110.625,0.24166666666666667,3.5833333333333335,2.0104166666666665,95.20833333333333,64.25
2023-02-18,64.8,44.59583333333333,482.0,14.420833333333334,24.275000000000002,110.0,0.3116666666666667,1.875,1.9270833333333333,119.16666666666667,74.16666666666667
2023-02-19,46.675000000000004,31.670833333333334,417.8333333333333,15.024999999999999,12.666666666666666,111.5,0.365,0.75,1.9937500000000001,114.79166666666667,69.41666666666667
2023-02-20,58.270833333333336,40.074999999999996,647.4166666666666,25.962500000000002,12.941666666666668,102.625,0.34791666666666665,0.5833333333333334,2.03125,101.16666666666667,66.875
2023-02-21,62.94583333333333,43.57916666666667,671.5833333333334,27.891666666666666,12.216666666666667,112.83333333333333,0.33166666666666667,0.16666666666666666,2.1333333333333333,130.83333333333334,75.875
2023-02-22,57.95416666666667,40.30833333333333,590.6666666666666,24.479166666666668,13.258333333333333,121.45833333333333,0.3,0.0,2.0916666666666663,131.54166666666666,74.95833333333333
2023-02-23,48.31666666666666,33.483333333333334,442.0416666666667,17.120833333333334,10.345833333333333,117.75,0.29125,0.0,2.1750000000000003,113.16666666666667,69.0
2023-02-24,48.854166666666664,33.766666666666666,401.625,11.5,13.375,131.0,0.2870833333333333,0.0,2.2083333333333335,115.625,67.91666666666667
2023-02-25,47.4,32.84583333333333,329.75,8.995833333333334,16.920833333333334,124.75,0.24916666666666668,0.0,2.2687500000000003,113.0,67.58333333333333
2023-02-26,44.12916666666666,30.53333333333333,321.4583333333333,8.391666666666667,14.770833333333334,119.04166666666667,0.22958333333333333,0.0,2.3020833333333335,102.79166666666667,67.125
2023-02-27,37.983333333333334,26.099999999999998,275.5,5.504166666666666,10.070833333333333,125.20833333333333,0.3025,0.0,2.1791666666666667,97.20833333333333,62.833333333333336
2023-02-28,33.916666666666664,23.320833333333336,282.375,5.5,8.020833333333334,112.20833333333333,0.3229166666666667,0.0,2.1625,80.45833333333333,58.583333333333336
2023-03-01,38.40833333333333,26.462500000000002,302.5416666666667,5.054166666666666,8.320833333333333,120.45833333333333,0.3516666666666666,0.3333333333333333,2.1666666666666665,88.875,59.666666666666664
2023-03-02,40.38333333333333,27.816666666666666,359.0,11.395833333333334,9.866666666666667,118.875,0.3666666666666667,0.0,2.1687499999999997,94.375,62.958333333333336
2023-03-03,52.550000000000004,36.40833333333333,476.2083333333333,16.454166666666666,10.220833333333333,118.08333333333333,0.5929166666666666,0.0,2.00625,103.04166666666667,66.25
2023-03-04,56.94166666666666,39.52916666666667,443.375,14.149999999999999,11.358333333333334,126.91666666666667,0.6429166666666667,0.25,1.9666666666666666,115.04166666666667,70.58333333333333
2023-03-05,51.68333333333334,35.65416666666667,405.8333333333333,13.729166666666666,9.875,116.875,0.5083333333333333,0.75,2.1958333333333333,108.29166666666667,70.125
2023-03-06,55.59166666666667,38.458333333333336,484.625,17.525000000000002,11.154166666666667,126.5,0.5954166666666666,0.375,2.035416666666667,118.33333333333333,70.0
2023-03-07,56.99583333333334,39.512499999999996,542.9166666666666,19.5625,10.525,106.79166666666667,0.7875,0.2916666666666667,1.8062500000000001,109.91666666666667,70.20833333333333
2023-03-08,70.51666666666667,48.92083333333333,675.5833333333334,23.325,13.5875,114.29166666666667,0.86375,0.25,1.55,129.41666666666666,76.16666666666667
2023-03-09,54.0875,37.270833333333336,587.5833333333334,24.1375,11.816666666666668,103.75,0.51625,0.4583333333333333,2.1145833333333335,127.25,76.75
2023-03-10,49.06666666666666,33.69583333333333,410.9166666666667,14.65,9.091666666666667,111.91666666666667,0.5541666666666667,0.5,2.0479166666666666,98.83333333333333,65.70833333333333
2023-03-11,56.5625,38.69166666666667,457.9583333333333,14.895833333333334,10.887500000000001,117.04166666666667,0.57875,0.5833333333333334,2.0395833333333333,108.875,69.33333333333333
2023-03-12,52.9375,35.77916666666667,427.4166666666667,14.141666666666666,8.375,105.70833333333333,0.57875,0.3333333333333333,2.0625,108.75,71.125
2023-03-13,42.15416666666667,28.775000000000002,389.9583333333333,13.529166666666667,6.945833333333333,108.08333333333333,0.39083333333333337,0.0,2.34375,94.79166666666667,64.875
2023-03-14,48.104166666666664,33.199999999999996,487.125,19.254166666666666,7.5249999999999995,106.125,0.6083333333333333,0.08333333333333333,1.9854166666666666,94.58333333333333,65.20833333333333
2023-03-15,50.604166666666664,34.5875,454.3333333333333,16.954166666666666,5.758333333333333,97.91666666666667,0.6779166666666666,0.08333333333333333,1.9708333333333332,94.54166666666667,66.08333333333333
2023-03-16,62.550000000000004,41.68333333333333,450.9583333333333,10.191666666666666,6.1375,112.54166666666667,1.3074999999999999,0.5,1.3375000000000001,105.375,69.33333333333333
2023-03-17,36.19166666666667,24.620833333333334,382.9583333333333,9.975,3.783333333333333,88.0,0.8179166666666666,0.0,1.5291666666666668,102.95833333333333,69.04166666666667
2023-03-18,33.270833333333336,22.629166666666666,403.0416666666667,14.529166666666667,3.6,71.25,0.8562500000000001,0.5416666666666666,1.1208333333333333,69.66666666666667,46.0
2023-03-19,41.579166666666666,28.620833333333334,542.7916666666666,19.9625,6.075,88.75,0.5179166666666667,0.7916666666666666,2.24375,77.5,57.166666666666664
2023-03-20,45.15833333333333,30.875,582.3333333333334,18.695833333333333,8.845833333333333,95.45833333333333,0.4716666666666667,0.9583333333333334,2.0020833333333337,98.08333333333333,65.58333333333333
2023-03-21,50.15,34.0,722.1666666666666,30.254166666666666,10.666666666666666,89.70833333333333,0.26,2.0,2.466666666666667,104.33333333333333,66.875
2023-03-22,38.50833333333333,25.916666666666668,595.75,29.329166666666666,9.674999999999999,74.45833333333333,0.23083333333333333,1.7083333333333333,2.433333333333333,90.33333333333333,64.625
2023-03-23,55.59583333333333,37.108333333333334,793.2916666666666,40.40833333333333,14.075000000000001,72.625,0.27875,4.333333333333333,2.129166666666667,92.875,65.75
2023-03-24,51.69583333333333,35.0875,525.5833333333334,22.6375,8.8375,89.79166666666667,0.38125000000000003,1.8333333333333333,2.120833333333333,99.79166666666667,68.16666666666667
2023-03-25,48.32083333333333,32.57083333333333,383.5,14.9375,8.441666666666666,93.5,0.58,1.0,1.4770833333333335,95.29166666666667,66.54166666666667
2023-03-26,47.68333333333334,32.0875,452.0833333333333,16.979166666666668,8.2125,89.91666666666667,0.6075,1.5833333333333333,1.9291666666666665,93.91666666666667,65.79166666666667
2023-03-27,42.0,28.34583333333333,599.375,27.079166666666666,9.445833333333333,83.375,0.26208333333333333,2.0416666666666665,2.747916666666667,91.16666666666667,64.25
2023-03-28,46.69166666666666,32.012499999999996,721.375,29.974999999999998,11.470833333333333,94.375,0.2783333333333333,0.5833333333333334,2.5124999999999997,96.91666666666667,65.20833333333333
2023-03-29,46.229166666666664,31.208333333333332,396.3333333333333,15.950000000000001,8.420833333333333,96.70833333333333,0.37000000000000005,1.0833333333333333,2.1895833333333337,91.91666666666667,65.16666666666667
2023-03-30,38.25416666666667,25.77916666666667,453.8333333333333,16.208333333333332,8.458333333333334,97.5,0.29083333333333333,0.7083333333333334,2.595833333333333,90.25,63.291666666666664
2023-03-31,39.166666666666664,26.266666666666666,415.875,14.575000000000001,8.108333333333333,97.54166666666667,0.42375,2.0833333333333335,2.2708333333333335,85.16666666666667,61.916666666666664
2023-04-01,42.762499999999996,27.55,558.0833333333334,25.47083333333333,8.479166666666666,81.45833333333333,0.26458333333333334,8.875,2.379166666666667,82.33333333333333,61.291666666666664
2023-04-02,50.82916666666667,34.65833333333333,547.125,27.070833333333336,10.079166666666667,94.125,0.30791666666666667,1.5,2.4479166666666665,96.91666666666667,65.45833333333333
2023-04-03,37.233333333333334,25.166666666666668,322.2916666666667,12.512500000000001,7.245833333333334,96.95833333333333,0.39458333333333334,0.5833333333333334,2.2979166666666666,89.58333333333333,63.833333333333336
2023-04-04,40.579166666666666,27.525000000000002,432.1666666666667,17.125,9.525,101.79166666666667,0.41958333333333336,0.375,2.2333333333333334,87.33333333333333,61.833333333333336
2023-04-05,38.87083333333333,26.120833333333334,404.2916666666667,17.354166666666668,9.079166666666667,99.75,0.4945833333333333,1.0,1.9916666666666665,88.5,62.041666666666664
2023-04-06,41.88333333333333,28.145833333333332,345.4583333333333,10.795833333333334,9.558333333333334,99.5,0.60375,2.0833333333333335,1.7291666666666667,88.625,62.708333333333336
2023-04-07,40.645833333333336,27.15416666666667,284.25,7.2,8.766666666666667,91.54166666666667,0.64,2.5416666666666665,2.097916666666667,82.70833333333333,61.916666666666664
2023-04-08,47.30416666666667,32.358333333333334,345.0416666666667,7.745833333333334,13.625,118.20833333333333,0.5499999999999999,3.6666666666666665,2.1374999999999997,105.75,65.70833333333333
2023-04-09,34.829166666666666,22.791666666666668,298.4166666666667,11.987499999999999,7.7625,99.58333333333333,0.26416666666666666,5.333333333333333,2.566666666666667,86.66666666666667,61.625
2023-04-10,29.066666666666666,19.395833333333332,330.375,15.75,4.708333333333333,92.25,0.1679166666666667,3.5833333333333335,2.891666666666667,71.25,48.75
2023-04-11,34.9125,23.837500000000002,398.9583333333333,17.320833333333333,7.0625,107.75,0.305,1.5,2.433333333333333,83.75,52.333333333333336
2023-04-12,49.09166666666667,33.90833333333333,571.625,22.708333333333332,9.795833333333333,111.375,0.5929166666666666,1.2083333333333333,2.1125000000000003,98.625,62.166666666666664
2023-04-13,63.012499999999996,43.520833333333336,785.1666666666666,32.4125,10.6375,105.0,0.7866666666666666,2.0833333333333335,1.9437499999999999,115.83333333333333,70.66666666666667
2023-04-14,80.37083333333334,55.625,800.9166666666666,35.483333333333334,11.75,114.04166666666667,0.96875,2.875,1.5520833333333333,144.54166666666666,82.91666666666667
2023-04-15,73.0,50.645833333333336,682.75,26.875,9.525,116.29166666666667,0.9458333333333333,1.4166666666666667,1.6583333333333334,136.375,79.375
2023-04-16,69.35416666666667,48.24166666666667,818.0833333333334,32.07083333333333,10.799999999999999,107.20833333333333,0.79,1.5,1.7541666666666667,144.66666666666666,81.58333333333333
2023-04-17,67.35416666666667,46.71666666666667,837.5416666666666,30.2375,9.354166666666666,106.08333333333333,0.7841666666666667,1.3333333333333333,1.8666666666666665,132.375,77.45833333333333
2023-04-18,61.45416666666667,42.6875,767.0833333333334,32.733333333333334,10.995833333333332,117.16666666666667,0.6783333333333333,0.7916666666666666,2.0375,136.45833333333334,77.5
2023-04-19,60.112500000000004,41.645833333333336,614.125,25.020833333333332,9.075000000000001,117.375,0.7654166666666667,0.7916666666666666,1.9270833333333333,119.66666666666667,71.33333333333333
2023-04-20,78.55,54.479166666666664,971.3333333333334,44.10833333333333,14.125,106.08333333333333,0.8691666666666666,1.2916666666666667,1.8395833333333333,141.29166666666666,79.125
2023-04-21,67.83749999999999,46.9,729.5833333333334,29.94583333333333,11.5625,114.25,0.8729166666666667,0.7916666666666666,1.9541666666666666,143.16666666666666,81.41666666666667
2023-04-22,66.50416666666666,45.86666666666667,796.4166666666666,27.8,11.804166666666667,102.45833333333333,0.7583333333333333,0.7916666666666666,1.7458333333333333,128.25,77.16666666666667
2023-04-23,43.14166666666667,29.479166666666668,598.7083333333334,24.72083333333333,9.295833333333333,97.75,0.31124999999999997,1.375,2.566666666666667,118.79166666666667,71.875
2023-04-24,34.86666666666667,23.412499999999998,382.375,13.358333333333334,5.7749999999999995,93.95833333333333,0.5475,0.375,1.9041666666666668,77.45833333333333,57.916666666666664
2023-04-25,21.808333333333334,14.441666666666668,269.8333333333333,8.654166666666667,4.195833333333334,79.58333333333333,0.5158333333333333,0.3333333333333333,1.825,62.5,42.75
2023-04-26,31.175,20.525000000000002,393.875,13.079166666666666,5.045833333333333,76.45833333333333,0.5054166666666667,0.2916666666666667,2.1354166666666665,63.041666666666664,39.875
2023-04-27,43.300000000000004,28.575,399.6666666666667,14.670833333333334,5.295833333333333,88.08333333333333,0.5245833333333333,0.5,1.75,77.75,57.083333333333336
2023-04-28,39.6625,25.941666666666666,364.4166666666667,12.779166666666667,5.25,77.29166666666667,0.53125,0.7083333333333334,2.35,86.33333333333333,63.125
2023-04-29,31.883333333333336,21.45,402.7083333333333,16.320833333333333,5.0,75.75,0.5141666666666667,0.2916666666666667,1.675,71.83333333333333,51.0
2023-04-30,31.3625,21.0375,351.5833333333333,13.391666666666666,4.679166666666666,73.79166666666667,0.4995833333333333,0.75,1.64375,69.75,45.333333333333336
2023-05-01,27.375,18.745833333333334,328.0,11.141666666666666,4.2250000000000005,91.5,0.5179166666666667,0.75,2.1333333333333333,69.25,46.166666666666664
2023-05-02,20.087500000000002,13.616666666666667,262.7083333333333,10.229166666666666,4.05,69.29166666666667,0.38999999999999996,0.75,0.8041666666666667,59.75,35.416666666666664
2023-05-03,20.075,13.458333333333334,296.75,13.5375,4.804166666666666,62.333333333333336,0.36166666666666664,1.1666666666666667,1.5708333333333335,50.416666666666664,31.333333333333332
2023-05-04,28.041666666666668,18.712500000000002,352.2916666666667,17.033333333333335,7.041666666666667,76.79166666666667,0.42583333333333334,2.7916666666666665,2.1041666666666665,61.5,39.708333333333336
2023-05-05,28.633333333333336,19.375,401.7916666666667,18.529166666666665,5.1375,73.33333333333333,0.49,2.125,1.4333333333333333,65.54166666666667,41.625
2023-05-06,38.4125,26.458333333333332,534.3333333333334,26.15416666666667,6.804166666666667,73.20833333333333,0.5833333333333334,1.4583333333333333,1.5229166666666665,75.04166666666667,53.458333333333336
2023-05-07,48.979166666666664,33.85,555.2916666666666,26.916666666666668,8.433333333333334,92.83333333333333,0.7166666666666667,1.1666666666666667,1.84375,96.45833333333333,64.41666666666667
2023-05-08,50.02916666666667,34.725,562.7916666666666,25.27916666666667,9.754166666666666,102.375,0.6266666666666666,0.5833333333333334,2.2104166666666667,106.79166666666667,67.5
2023-05-09,54.76666666666667,38.11666666666667,600.625,28.191666666666666,9.387500000000001,89.66666666666667,0.59875,0.2916666666666667,1.6729166666666666,110.0,70.375
2023-05-10,64.71249999999999,44.98333333333333,762.1666666666666,36.3375,12.408333333333333,96.95833333333333,0.7529166666666667,0.5833333333333334,1.8458333333333332,123.25,72.625
2023-05-11,63.44166666666666,43.9625,676.375,33.074999999999996,11.625,106.79166666666667,0.6833333333333332,1.125,1.7895833333333335,130.75,75.33333333333333
2023-05-12,61.69583333333333,42.8125,567.7916666666666,25.84583333333333,13.145833333333334,109.29166666666667,0.48458333333333337,1.0,2.341666666666667,127.04166666666667,75.08333333333333
2023-05-13,50.07083333333333,34.65416666666667,615.1666666666666,31.295833333333334,10.862499999999999,99.0,0.40125000000000005,0.5833333333333334,2.35,117.45833333333333,71.58333333333333
2023-05-14,31.537499999999998,21.620833333333334,412.25,18.595833333333335,8.383333333333333,105.125,0.28125,0.375,2.627083333333333,91.29166666666667,62.0
2023-05-15,30.583333333333332,20.754166666666666,391.7916666666667,14.720833333333333,9.041666666666666,98.95833333333333,0.31875000000000003,1.0,2.5479166666666666,72.20833333333333,47.291666666666664
2023-05-16,28.037499999999998,18.212500000000002,359.0833333333333,15.108333333333334,6.229166666666667,90.45833333333333,0.21541666666666667,3.7083333333333335,2.65625,71.375,48.166666666666664
2023-05-17,28.875,18.270833333333332,288.7083333333333,13.270833333333334,7.125,92.25,0.17500000000000002,5.458333333333333,2.752083333333333,67.16666666666667,43.666666666666664
2023-05-18,48.3375,32.050000000000004,364.0,19.108333333333334,13.433333333333332,104.375,0.34125,4.208333333333333,2.2583333333333333,89.66666666666667,55.833333333333336
2023-05-19,64.96249999999999,43.46666666666667,446.4166666666667,20.4875,15.083333333333334,107.16666666666667,0.5770833333333333,4.791666666666667,2.0729166666666665,119.04166666666667,73.5
2023-05-20,53.229166666666664,35.237500000000004,398.6666666666667,20.0625,9.441666666666666,101.70833333333333,0.6220833333333333,4.625,2.191666666666667,105.79166666666667,69.375
2023-05-21,47.2875,30.8125,372.625,15.541666666666666,8.145833333333334,108.875,0.5845833333333333,6.541666666666667,2.1041666666666665,101.54166666666667,66.625
2023-05-22,51.775,34.416666666666664,542.8333333333334,21.77916666666667,7.3374999999999995,109.33333333333333,0.7145833333333332,5.375,2.058333333333333,99.04166666666667,65.29166666666667
2023-05-23,56.61666666666667,37.770833333333336,601.2916666666666,22.087500000000002,9.612499999999999,118.41666666666667,0.66,3.75,2.0875,114.20833333333333,69.04166666666667
2023-05-24,48.99583333333334,33.12916666666667,509.5,23.2625,7.3999999999999995,101.04166666666667,0.62625,2.375,1.9437499999999999,111.16666666666667,70.91666666666667
2023-05-25,39.85,26.383333333333336,364.0,14.816666666666668,7.220833333333334,98.95833333333333,0.5433333333333333,2.7916666666666665,2.1770833333333335,85.5,62.541666666666664
2023-05-26,25.2625,16.816666666666666,313.375,12.5,5.066666666666666,84.08333333333333,0.39666666666666667,1.0,2.4395833333333337,72.125,52.208333333333336
2023-05-27,30.65416666666667,19.529166666666665,347.6666666666667,14.995833333333332,7.104166666666667,85.91666666666667,0.34874999999999995,5.291666666666667,2.308333333333333,64.58333333333333,43.291666666666664
2023-05-28,39.03333333333333,23.691666666666666,439.3333333333333,21.158333333333335,7.070833333333333,84.125,0.4075,12.458333333333334,2.2666666666666666,68.83333333333333,46.708333333333336
2023-05-29,62.36666666666667,39.420833333333334,685.3333333333334,35.87916666666667,10.950000000000001,91.25,0.63875,15.375,1.9479166666666667,103.04166666666667,67.54166666666667
2023-05-30,49.550000000000004,32.5375,458.4166666666667,18.695833333333333,6.104166666666667,100.04166666666667,0.68,6.541666666666667,2.18125,99.91666666666667,67.625
2023-05-31,45.69583333333333,30.179166666666664,454.1666666666667,22.304166666666664,8.15,98.875,0.5904166666666667,4.25,2.089583333333333,95.79166666666667,65.04166666666667
2023-06-01,50.15,32.90833333333333,556.3333333333334,23.375,9.7125,98.91666666666667,0.48541666666666666,6.708333333333333,2.0020833333333337,92.625,64.04166666666667
2023-06-02,40.020833333333336,26.47083333333333,468.9166666666667,24.400000000000002,9.012500000000001,80.58333333333333,0.40875,4.583333333333333,2.5083333333333333,94.08333333333333,66.125
2023-06-03,35.920833333333334,23.087500000000002,451.25,21.679166666666664,6.729166666666667,76.66666666666667,0.33208333333333334,6.583333333333333,2.4375,74.58333333333333,55.333333333333336
2023-06-04,36.324999999999996,22.954166666666666,300.375,15.450000000000001,5.504166666666666,86.70833333333333,0.455,6.708333333333333,1.7666666666666666,74.16666666666667,54.0
2023-06-05,32.725,20.866666666666667,263.375,12.5875,6.541666666666667,86.5,0.32,5.166666666666667,2.466666666666667,72.83333333333333,52.0
2023-06-06,40.275,24.816666666666666,266.1666666666667,12.3125,8.8125,89.75,0.48875,12.125,2.1541666666666663,74.08333333333333,53.25
2023-06-07,38.541666666666664,24.020833333333332,289.625,13.154166666666667,7.895833333333333,92.79166666666667,0.5337500000000001,9.125,2.1645833333333333,78.91666666666667,58.708333333333336
2023-06-08,30.495833333333334,19.041666666666668,260.75,13.270833333333334,5.875,84.70833333333333,0.46291666666666664,5.541666666666667,2.3604166666666666,71.70833333333333,51.25
2023-06-09,25.641666666666666,16.404166666666665,232.75,10.745833333333332,5.016666666666667,89.79166666666667,0.42041666666666666,3.7083333333333335,2.504166666666667,64.08333333333333,42.583333333333336
2023-06-10,17.204166666666666,11.266666666666666,189.45833333333334,8.475,3.9166666666666665,75.70833333333333,0.34875000000000006,1.75,2.597916666666667,54.625,33.333333333333336
2023-06-11,13.683333333333332,8.858333333333333,174.83333333333334,8.345833333333333,3.858333333333333,60.083333333333336,0.22125000000000003,2.1666666666666665,2.75,40.833333333333336,25.708333333333332
2023-06-12,18.591666666666665,10.825000000000001,197.58333333333334,9.733333333333333,4.016666666666667,64.16666666666667,0.20291666666666666,7.041666666666667,2.954166666666667,41.875,26.458333333333332
2023-06-13,21.7,11.6,178.0,9.308333333333334,3.591666666666667,60.041666666666664,0.23124999999999998,13.208333333333334,2.9104166666666664,45.041666666666664,26.75
2023-06-14,23.370833333333334,12.720833333333333,188.29166666666666,9.329166666666667,3.4875000000000003,62.541666666666664,0.28541666666666665,12.958333333333334,2.7229166666666664,50.958333333333336,28.541666666666668
2023-06-15,22.183333333333334,11.683333333333332,205.91666666666666,10.254166666666666,3.4,57.875,0.24375,14.416666666666666,2.7062500000000003,48.0,27.708333333333332
2023-06-16,23.233333333333334,12.595833333333333,209.16666666666666,10.5625,3.5583333333333336,60.125,0.25625000000000003,13.916666666666666,2.6979166666666665,50.875,28.5
2023-06-17,27.375,14.0,196.125,9.691666666666666,3.4625,57.375,0.3045833333333333,20.708333333333332,2.6958333333333333,52.541666666666664,29.166666666666668
2023-06-18,33.020833333333336,16.754166666666666,232.70833333333334,10.9625,3.6833333333333336,61.041666666666664,0.39666666666666667,26.416666666666668,2.535416666666667,55.916666666666664,32.25
2023-06-19,38.87916666666667,20.474999999999998,278.4583333333333,12.5375,4.866666666666666,68.83333333333333,0.46375000000000005,27.166666666666668,2.38125,64.45833333333333,39.666666666666664
2023-06-20,41.15833333333333,23.425,357.9583333333333,16.662499999999998,6.425,71.375,0.5366666666666667,20.208333333333332,2.1416666666666666,71.375,49.083333333333336
2023-06-21,37.00833333333333,21.766666666666666,321.5416666666667,14.5625,5.404166666666666,70.625,0.6229166666666667,14.166666666666666,1.7874999999999999,73.33333333333333,52.041666666666664
2023-06-22,40.625,24.3125,279.25,14.508333333333333,5.366666666666667,72.79166666666667,0.6008333333333333,15.083333333333334,1.6875,73.625,52.333333333333336
2023-06-23,36.07083333333333,23.275000000000002,324.6666666666667,22.145833333333332,9.112499999999999,47.708333333333336,0.5145833333333333,7.291666666666667,0.8583333333333334,72.5,50.375
2023-06-24,15.291666666666666,10.299999999999999,189.66666666666666,11.004166666666668,4.666666666666667,42.583333333333336,0.23958333333333334,1.7916666666666667,0.7604166666666666,64.29166666666667,39.208333333333336
2023-06-25,12.845833333333333,8.633333333333333,175.29166666666666,8.995833333333334,3.3625000000000003,49.666666666666664,0.17125,1.5416666666666667,1.9395833333333334,33.833333333333336,21.416666666666668
2023-06-26,15.866666666666667,9.970833333333333,180.04166666666666,9.870833333333334,3.6875,41.041666666666664,0.27666666666666667,4.666666666666667,0.9833333333333334,42.0,20.375
2023-06-27,18.425,10.4625,170.54166666666666,7.441666666666666,3.8000000000000003,44.333333333333336,0.29,9.291666666666666,1.6041666666666667,43.541666666666664,21.208333333333332
2023-06-28,11.829166666666666,6.945833333333333,174.125,6.083333333333333,3.7458333333333336,53.041666666666664,0.21666666666666667,5.833333333333333,2.3666666666666667,36.083333333333336,23.291666666666668
2023-06-29,10.887500000000001,7.120833333333334,165.45833333333334,5.304166666666666,3.579166666666667,55.291666666666664,0.15416666666666667,2.7916666666666665,2.1979166666666665,29.041666666666668,22.125
2023-06-30,13.854166666666666,7.4125000000000005,155.54166666666666,5.05,3.2416666666666667,55.583333333333336,0.1679166666666667,9.458333333333334,2.1020833333333333,30.083333333333332,22.25
2023-07-01,13.5875,7.425,155.66666666666666,4.854166666666667,3.2375000000000003,55.375,0.19125,8.958333333333334,2.6958333333333333,31.041666666666668,22.083333333333332
2023-07-02,14.041666666666666,8.341666666666667,164.95833333333334,6.266666666666667,3.6333333333333333,50.0,0.23875000000000002,6.875,2.4770833333333333,35.833333333333336,20.75
2023-07-03,13.262500000000001,8.275,177.41666666666666,7.470833333333334,3.983333333333333,50.541666666666664,0.20458333333333334,4.916666666666667,2.308333333333333,32.083333333333336,20.958333333333332
2023-07-04,12.141666666666666,8.304166666666667,195.08333333333334,8.504166666666666,4.516666666666667,53.166666666666664,0.23791666666666667,1.0,2.3229166666666665,34.916666666666664,22.125
2023-07-05,14.583333333333334,9.658333333333333,227.04166666666666,9.991666666666667,5.3999999999999995,51.291666666666664,0.21291666666666667,2.7083333333333335,1.4749999999999999,37.958333333333336,21.333333333333332
2023-07-06,7.091666666666666,4.908333333333333,163.25,6.3,3.7874999999999996,50.0,0.11541666666666667,0.4166666666666667,1.1145833333333333,32.083333333333336,20.25
2023-07-07,8.683333333333334,5.55,145.125,5.4375,4.145833333333333,51.333333333333336,0.16541666666666668,2.5416666666666665,1.3333333333333333,24.333333333333332,20.541666666666668
2023-07-08,10.183333333333334,6.25,154.5,6.329166666666667,4.125,50.083333333333336,0.16125,3.5,1.5,24.833333333333332,20.041666666666668
2023-07-09,13.420833333333334,7.629166666666666,167.45833333333334,6.929166666666667,4.141666666666667,48.333333333333336,0.23958333333333334,8.166666666666666,1.7145833333333333,29.5,19.541666666666668
2023-07-10,26.55,10.916666666666666,169.66666666666666,6.695833333333333,4.045833333333333,51.375,0.3491666666666666,30.666666666666668,1.7874999999999999,38.791666666666664,22.541666666666668
2023-07-11,21.7625,10.579166666666667,186.70833333333334,8.758333333333333,4.4375,40.958333333333336,0.38625,17.541666666666668,0.9979166666666667,46.583333333333336,25.416666666666668
2023-07-12,30.879166666666666,13.395833333333334,181.5,7.0375000000000005,4.4750000000000005,51.5,0.33375,33.916666666666664,2.3645833333333335,46.625,26.291666666666668
2023-07-13,22.420833333333334,10.870833333333332,179.45833333333334,7.383333333333333,4.091666666666667,53.833333333333336,0.25958333333333333,20.875,1.8958333333333333,49.5,28.041666666666668
2023-07-14,13.904166666666667,8.733333333333333,168.33333333333334,6.9125000000000005,3.9125,51.458333333333336,0.18833333333333335,5.166666666666667,1.7666666666666666,42.416666666666664,22.875
2023-07-15,17.875,8.5875,150.79166666666666,5.695833333333333,3.7583333333333333,46.875,0.23500000000000001,15.5,1.90625,34.541666666666664,19.458333333333332
2023-07-16,14.233333333333334,8.545833333333333,166.0,6.833333333333333,4.679166666666666,40.166666666666664,0.22583333333333333,6.625,1.4833333333333334,39.916666666666664,19.833333333333332
2023-07-17,10.1,6.279166666666666,160.91666666666666,6.4750000000000005,4.120833333333334,40.458333333333336,0.17500000000000002,3.375,0.8854166666666666,29.333333333333332,17.458333333333332
2023-07-18,5.183333333333334,3.5625,149.41666666666666,6.266666666666667,3.5666666666666664,36.333333333333336,0.08791666666666666,0.2916666666666667,0.44583333333333336,21.5,14.541666666666666
2023-07-19,4.3374999999999995,3.0541666666666667,136.125,5.575,3.3166666666666664,39.041666666666664,0.09250000000000001,0.0,0.4666666666666666,17.833333333333332,15.625
2023-07-20,5.295833333333333,3.6916666666666664,141.83333333333334,5.4624999999999995,3.2125,39.583333333333336,0.14666666666666667,0.7083333333333334,1.14375,18.708333333333332,15.833333333333334
2023-07-21,6.154166666666666,4.2,155.25,5.941666666666666,3.3083333333333336,42.333333333333336,0.16833333333333333,0.9166666666666666,1.1583333333333332,19.041666666666668,17.041666666666668
2023-07-22,11.1,7.325,153.33333333333334,5.320833333333334,3.483333333333333,50.75,0.16291666666666668,4.791666666666667,1.6937499999999999,23.5,20.333333333333332
2023-07-23,5.358333333333333,3.7583333333333333,139.79166666666666,5.8,3.375,38.375,0.10708333333333332,0.0,1.1166666666666667,27.041666666666668,16.291666666666668
2023-07-24,6.616666666666667,4.5249999999999995,146.66666666666666,6.2749999999999995,3.545833333333333,39.0,0.14833333333333334,0.7916666666666666,0.7166666666666667,17.291666666666668,15.541666666666666
2023-07-25,5.5375000000000005,3.7541666666666664,145.16666666666666,5.745833333333334,3.3125,38.541666666666664,0.16041666666666668,0.7916666666666666,0.9708333333333333,19.791666666666668,15.375
2023-07-26,5.233333333333333,3.6625,159.625,6.6625000000000005,3.8791666666666664,41.416666666666664,0.21166666666666667,0.041666666666666664,0.5437500000000001,18.75,16.541666666666668
2023-07-27,4.4125000000000005,3.170833333333333,138.41666666666666,5.970833333333334,3.4,36.0,0.08708333333333333,0.041666666666666664,0.23750000000000002,17.541666666666668,14.333333333333334
2023-07-28,8.166666666666666,5.283333333333333,145.25,4.620833333333334,3.3333333333333335,46.375,0.16541666666666668,2.4583333333333335,1.8854166666666667,20.5,18.583333333333332
2023-07-29,13.879166666666668,7.466666666666666,147.20833333333334,5.333333333333333,3.5666666666666664,45.875,0.20833333333333334,8.0,1.8229166666666667,26.166666666666668,18.333333333333332
2023-07-30,14.679166666666667,8.079166666666667,144.16666666666666,5.6125,3.6791666666666667,42.125,0.29625,8.875,1.66875,33.958333333333336,18.291666666666668
2023-07-31,12.129166666666668,6.95,146.33333333333334,5.6000000000000005,3.670833333333333,43.666666666666664,0.26458333333333334,6.666666666666667,1.5916666666666668,32.833333333333336,18.916666666666668
2023-08-01,12.833333333333334,6.325,140.33333333333334,4.7625,3.1875,46.958333333333336,0.30583333333333335,12.291666666666666,1.5291666666666668,26.083333333333332,18.875
2023-08-02,12.416666666666666,6.7375,145.25,5.266666666666667,3.3958333333333335,43.458333333333336,0.45375000000000004,8.625,1.1229166666666666,27.666666666666668,17.625
2023-08-03,12.5375,6.55,145.91666666666666,4.925,3.2375000000000003,45.958333333333336,0.37833333333333335,9.0,1.5333333333333332,28.291666666666668,18.375
2023-08-04,15.291666666666666,7.383333333333333,146.5,5.020833333333333,3.404166666666667,48.708333333333336,0.33375,12.791666666666666,2.275,27.75,19.583333333333332
2023-08-05,19.495833333333334,9.641666666666667,153.29166666666666,5.958333333333333,3.7583333333333333,48.041666666666664,0.3416666666666666,15.791666666666666,2.1708333333333334,37.125,20.625
2023-08-06,20.604166666666668,10.408333333333333,147.91666666666666,5.3125,3.8208333333333333,51.125,0.3629166666666666,15.416666666666666,2.316666666666667,40.375,22.208333333333332
2023-08-07,22.916666666666668,11.491666666666667,159.95833333333334,5.8875,3.6875,49.125,0.3941666666666666,18.75,1.9833333333333334,45.833333333333336,23.416666666666668
2023-08-08,24.287499999999998,11.887500000000001,181.04166666666666,7.629166666666666,4.25,46.208333333333336,0.3825,21.125,1.7979166666666666,49.583333333333336,24.666666666666668
2023-08-09,28.05,13.4375,202.625,8.745833333333334,4.570833333333334,47.833333333333336,0.39375,25.875,2.06875,50.166666666666664,26.125
2023-08-10,41.49166666666667,18.645833333333332,223.25,9.120833333333334,4.8999999999999995,52.0,0.48458333333333337,41.291666666666664,1.8166666666666667,58.791666666666664,34.541666666666664
2023-08-11,40.454166666666666,19.320833333333333,243.16666666666666,10.295833333333333,5.254166666666666,59.208333333333336,0.4045833333333333,37.833333333333336,2.3249999999999997,64.83333333333333,43.458333333333336
2023-08-12,46.15833333333333,21.741666666666664,226.875,9.791666666666666,5.358333333333333,56.75,0.48500000000000004,42.583333333333336,1.6208333333333333,69.95833333333333,49.125
2023-08-13,33.237500000000004,14.525,206.16666666666666,8.358333333333333,4.691666666666666,51.0,0.3429166666666667,37.041666666666664,2.1166666666666667,62.041666666666664,39.291666666666664
2023-08-14,33.75416666666667,14.700000000000001,214.5,9.4125,4.879166666666666,45.833333333333336,0.3408333333333333,36.916666666666664,2.0104166666666665,54.416666666666664,32.625
2023-08-15,37.875,17.2,216.625,8.983333333333333,4.504166666666666,52.5,0.43416666666666665,38.666666666666664,2.154166666666667,59.25,36.916666666666664
2023-08-16,38.55833333333333,17.8875,219.70833333333334,9.358333333333333,4.879166666666666,53.958333333333336,0.3741666666666667,36.333333333333336,2.2125,61.916666666666664,38.458333333333336
2023-08-17,42.24166666666667,20.858333333333334,227.70833333333334,9.895833333333334,5.5375000000000005,55.125,0.5216666666666666,33.416666666666664,1.2270833333333333,66.45833333333333,42.375
2023-08-18,38.56666666666667,18.754166666666666,208.16666666666666,8.625,5.654166666666666,48.25,0.5316666666666666,33.875,0.75625,67.58333333333333,42.75
2023-08-19,31.183333333333334,16.825,204.0,8.195833333333333,5.7875000000000005,44.958333333333336,0.33791666666666664,22.458333333333332,1.0833333333333333,62.375,35.875
2023-08-20,27.1375,15.5875,215.70833333333334,8.775,4.566666666666666,58.5,0.30624999999999997,16.625,2.3125,55.708333333333336,32.541666666666664
2023-08-21,36.78333333333333,18.575,245.83333333333334,11.0875,5.420833333333333,55.583333333333336,0.3329166666666667,28.583333333333332,2.34375,62.208333333333336,35.708333333333336
2023-08-22,36.5875,19.787499999999998,304.75,13.304166666666667,6.141666666666667,55.125,0.3825,23.333333333333332,1.45,65.91666666666667,38.958333333333336
2023-08-23,24.224999999999998,14.112499999999999,241.33333333333334,10.716666666666667,5.158333333333333,52.625,0.29833333333333334,11.083333333333334,1.7708333333333333,61.083333333333336,34.5
2023-08-24,26.587500000000002,13.275,228.0,10.4625,5.1000000000000005,43.166666666666664,0.27166666666666667,21.375,2.0729166666666665,52.708333333333336,26.791666666666668
2023-08-25,15.641666666666666,9.370833333333334,200.04166666666666,7.766666666666667,4.583333333333333,42.625,0.22,5.541666666666667,2.608333333333333,47.791666666666664,24.208333333333332
2023-08-26,14.183333333333332,8.929166666666667,204.5,9.604166666666666,4.575,38.5,0.21791666666666668,3.5,1.6666666666666667,34.708333333333336,18.541666666666668
2023-08-27,18.045833333333334,10.870833333333332,211.08333333333334,10.158333333333333,4.8374999999999995,42.333333333333336,0.2175,6.041666666666667,2.3854166666666665,44.791666666666664,22.625
2023-08-28,21.795833333333334,12.220833333333333,219.04166666666666,9.979166666666666,4.766666666666667,41.958333333333336,0.22208333333333333,10.166666666666666,2.4291666666666667,47.125,23.583333333333332
2023-08-29,33.0,17.320833333333333,255.79166666666666,12.112499999999999,5.9375,56.416666666666664,0.3675,20.583333333333332,2.1354166666666665,51.916666666666664,29.958333333333332
2023-08-30,65.875,30.5125,368.875,18.295833333333334,6.991666666666667,62.458333333333336,0.4266666666666667,65.41666666666667,2.225,76.625,55.083333333333336
2023-08-31,82.03333333333333,38.775,373.5,17.4875,8.9,71.20833333333333,0.4920833333333334,80.41666666666667,1.925,97.95833333333333,70.25
2023-09-01,85.19583333333334,49.46666666666667,542.9166666666666,25.912499999999998,11.441666666666668,72.70833333333333,0.6595833333333333,41.625,2.0520833333333335,123.0,76.0
2023-09-02,81.77916666666667,51.24166666666667,483.5833333333333,22.566666666666666,9.233333333333333,58.541666666666664,0.9554166666666667,25.291666666666668,1.1624999999999999,139.16666666666666,81.0
2023-09-03,45.67916666666667,31.34166666666667,281.75,10.170833333333333,6.625,75.08333333333333,1.00125,9.125,0.6541666666666667,116.08333333333333,73.45833333333333
2023-09-04,37.833333333333336,26.541666666666668,262.5,8.683333333333334,7.320833333333333,74.08333333333333,0.6279166666666667,4.416666666666667,0.3625,82.29166666666667,61.666666666666664
2023-09-05,35.99583333333333,24.77916666666667,249.16666666666666,8.370833333333334,6.579166666666667,67.66666666666667,0.5816666666666667,6.5,0.3541666666666667,81.95833333333333,61.583333333333336
2023-09-06,45.125,27.820833333333336,249.95833333333334,8.424999999999999,7.729166666666667,70.20833333333333,0.5916666666666667,14.583333333333334,1.1791666666666667,77.66666666666667,58.208333333333336
2023-09-07,32.9875,20.587500000000002,199.41666666666666,6.1499999999999995,4.670833333333333,61.083333333333336,0.4595833333333333,11.5,1.6854166666666668,80.58333333333333,59.541666666666664
2023-09-08,11.716666666666667,7.766666666666667,158.125,4.841666666666667,3.533333333333333,53.916666666666664,0.16583333333333333,2.5,1.8291666666666666,52.166666666666664,29.583333333333332
2023-09-09,14.487499999999999,9.683333333333334,193.20833333333334,6.425,3.545833333333333,59.916666666666664,0.3,2.625,1.2291666666666667,30.541666666666668,23.875
2023-09-10,17.083333333333332,10.85,201.04166666666666,6.420833333333333,3.7083333333333335,60.416666666666664,0.35958333333333337,4.625,1.3770833333333332,47.75,25.333333333333332
2023-09-11,24.125,14.545833333333334,197.66666666666666,6.3374999999999995,4.241666666666666,57.833333333333336,0.47583333333333333,8.75,1.3895833333333334,49.458333333333336,26.083333333333332
2023-09-12,22.55,13.879166666666668,208.20833333333334,7.3,4.791666666666667,58.916666666666664,0.48833333333333334,6.333333333333333,1.575,54.708333333333336,29.0
2023-09-13,26.441666666666666,15.758333333333333,218.91666666666666,8.0625,5.383333333333333,58.833333333333336,0.4741666666666667,8.125,2.1958333333333333,57.708333333333336,31.541666666666668
2023-09-14,23.920833333333334,13.945833333333333,208.16666666666666,7.716666666666666,5.2749999999999995,53.416666666666664,0.40125000000000005,8.75,1.4104166666666667,54.583333333333336,29.25
2023-09-15,21.479166666666668,11.5375,205.20833333333334,7.333333333333333,4.583333333333333,51.25,0.28750000000000003,12.583333333333334,2.183333333333333,51.916666666666664,26.791666666666668
2023-09-16,14.204166666666666,8.445833333333333,186.0,6.933333333333334,4.0375000000000005,46.291666666666664,0.21166666666666667,4.791666666666667,1.98125,40.625,22.333333333333332
2023-09-17,21.804166666666664,12.225,245.04166666666666,10.133333333333333,5.116666666666666,41.375,0.23583333333333334,10.125,1.9333333333333333,38.708333333333336,21.0
2023-09-18,20.475,11.570833333333333,236.25,9.637500000000001,5.079166666666667,46.083333333333336,0.2658333333333333,8.708333333333334,2.3874999999999997,52.375,26.833333333333332
2023-09-19,17.895833333333332,10.491666666666667,231.70833333333334,9.225,4.891666666666667,45.333333333333336,0.2225,7.25,2.3208333333333333,45.625,23.291666666666668
2023-09-20,18.733333333333334,11.220833333333333,240.45833333333334,9.85,4.8,43.916666666666664,0.2791666666666667,6.5,2.0395833333333333,43.583333333333336,22.25
2023-09-21,18.325,11.666666666666666,243.33333333333334,10.658333333333333,5.004166666666666,45.041666666666664,0.26333333333333336,4.916666666666667,1.0875000000000001,49.791666666666664,24.333333333333332
2023-09-22,19.529166666666665,13.487499999999999,275.8333333333333,11.308333333333332,5.016666666666667,50.25,0.30333333333333334,0.8333333333333334,1.0250000000000001,46.625,25.208333333333332
2023-09-23,29.308333333333334,20.2625,395.75,15.387500000000001,7.329166666666667,52.291666666666664,0.41208333333333336,1.25,1.8479166666666667,58.958333333333336,33.041666666666664
2023-09-24,16.525000000000002,11.583333333333334,285.4166666666667,10.666666666666666,5.083333333333333,55.208333333333336,0.3333333333333333,0.16666666666666666,1.6395833333333334,64.83333333333333,38.625
2023-09-25,18.679166666666667,13.116666666666667,260.6666666666667,9.2875,5.108333333333333,58.833333333333336,0.38208333333333333,0.4583333333333333,1.2375,41.041666666666664,25.541666666666668
2023-09-26,28.03333333333333,19.566666666666666,348.2916666666667,13.279166666666667,5.195833333333334,65.16666666666667,0.42124999999999996,1.2083333333333333,1.0729166666666667,59.875,35.583333333333336
2023-09-27,25.558333333333334,17.929166666666667,348.6666666666667,13.375,5.958333333333333,70.91666666666667,0.43124999999999997,0.4583333333333333,1.5458333333333334,66.83333333333333,43.083333333333336
2023-09-28,28.941666666666666,20.316666666666666,399.4583333333333,17.466666666666665,7.45,68.29166666666667,0.3695833333333334,0.0,1.8333333333333333,64.66666666666667,42.583333333333336
2023-09-29,19.883333333333333,13.8125,318.875,14.758333333333333,7.833333333333333,54.0,0.2783333333333333,0.0,2.058333333333333,61.0,35.291666666666664
2023-09-30,17.233333333333334,11.9,277.3333333333333,11.604166666666666,7.529166666666666,57.791666666666664,0.22958333333333333,1.0,1.79375,51.291666666666664,27.25
2023-10-01,13.191666666666668,9.316666666666666,209.95833333333334,7.4750000000000005,7.004166666666666,73.375,0.20625000000000002,0.16666666666666666,1.7916666666666667,44.875,30.166666666666668
2023-10-02,36.975,23.75,345.7083333333333,10.466666666666667,8.637500000000001,87.16666666666667,0.49041666666666667,3.375,1.2,54.291666666666664,40.291666666666664
2023-10-03,52.34166666666667,32.22083333333333,371.4166666666667,11.0375,10.104166666666666,91.04166666666667,0.5329166666666666,9.541666666666666,1.8583333333333334,88.70833333333333,63.875
2023-10-04,57.99583333333334,34.15833333333333,404.9166666666667,14.704166666666666,8.841666666666667,93.25,0.5254166666666666,15.083333333333334,1.9833333333333334,94.875,66.41666666666667
2023-10-05,54.51666666666667,31.379166666666666,402.6666666666667,15.466666666666667,8.137500000000001,91.91666666666667,0.3225,18.791666666666668,2.2520833333333337,95.95833333333333,66.33333333333333
2023-10-06,54.800000000000004,32.233333333333334,450.2916666666667,18.787499999999998,9.016666666666667,88.08333333333333,0.28250000000000003,15.375,2.245833333333333,91.91666666666667,65.04166666666667
2023-10-07,57.675000000000004,34.449999999999996,546.375,24.7,10.862499999999999,83.41666666666667,0.3591666666666667,13.541666666666666,1.7208333333333332,95.25,66.08333333333333
2023-10-08,65.60833333333333,39.199999999999996,660.7916666666666,32.104166666666664,13.2125,76.75,0.41083333333333333,14.583333333333334,1.7833333333333332,103.79166666666667,69.66666666666667
2023-10-09,79.42916666666666,47.35,699.3333333333334,36.97083333333334,16.883333333333333,80.0,0.5520833333333334,16.666666666666668,1.6354166666666667,124.75,76.20833333333333
2023-10-10,70.77916666666667,42.604166666666664,507.4583333333333,23.8875,14.85,93.33333333333333,0.65125,11.791666666666666,1.8354166666666665,126.08333333333333,76.75
2023-10-11,64.19166666666666,38.975,440.3333333333333,17.779166666666665,11.654166666666667,90.54166666666667,0.5441666666666667,12.833333333333334,1.8479166666666667,106.54166666666667,70.625
2023-10-12,70.02916666666667,42.425,441.5833333333333,17.604166666666668,12.479166666666666,89.79166666666667,0.46291666666666664,11.666666666666666,1.8875,115.58333333333333,73.41666666666667
2023-10-13,84.5,49.67083333333333,477.9166666666667,20.275000000000002,12.295833333333334,87.66666666666667,0.5091666666666667,15.708333333333334,1.6833333333333333,126.33333333333333,76.83333333333333
2023-10-14,88.6375,52.550000000000004,483.7083333333333,22.1875,12.225,86.08333333333333,0.6549999999999999,13.75,1.6208333333333333,141.29166666666666,81.58333333333333
2023-10-15,83.03333333333333,50.887499999999996,504.2083333333333,22.958333333333332,11.825000000000001,86.16666666666667,0.72375,8.291666666666666,1.6708333333333334,137.125,80.20833333333333
2023-10-16,87.75,53.72083333333333,478.5833333333333,19.695833333333333,12.35,86.91666666666667,0.9095833333333333,6.833333333333333,1.4791666666666667,144.58333333333334,82.75
2023-10-17,77.71666666666667,47.05416666666667,423.25,16.720833333333335,10.691666666666668,89.625,0.73375,7.125,1.6125,135.66666666666666,79.79166666666667
2023-10-18,78.62916666666666,48.8125,580.0,28.366666666666664,16.45,88.58333333333333,0.5758333333333333,4.833333333333333,1.66875,130.79166666666666,78.25
2023-10-19,81.31666666666666,50.78333333333333,592.1666666666666,24.333333333333332,17.125,93.5,0.61875,3.7916666666666665,1.6437499999999998,139.79166666666666,81.16666666666667
2023-10-20,83.34166666666667,51.63333333333333,480.5,16.445833333333333,15.133333333333333,98.83333333333333,0.6954166666666667,2.25,1.6645833333333335,135.16666666666666,79.70833333333333
2023-10-21,87.22500000000001,54.37083333333334,470.0416666666667,14.816666666666668,13.320833333333333,95.75,0.7241666666666666,2.875,1.5958333333333332,142.16666666666666,82.0
2023-10-22,69.0625,40.94166666666667,425.75,15.570833333333333,15.1,99.0,0.4245833333333333,10.375,1.9083333333333334,133.04166666666666,79.0
2023-10-23,64.8,37.30833333333333,440.375,17.229166666666668,13.200000000000001,97.33333333333333,0.28833333333333333,15.958333333333334,2.03125,110.375,71.625
2023-10-24,53.50833333333333,32.5625,452.3333333333333,18.370833333333334,12.450000000000001,95.20833333333333,0.22583333333333333,9.583333333333334,2.0500000000000003,100.875,68.20833333333333
2023-10-25,52.729166666666664,32.545833333333334,492.4166666666667,19.654166666666665,12.370833333333332,92.29166666666667,0.24708333333333332,7.375,2.060416666666667,94.83333333333333,65.54166666666667
2023-10-26,64.71666666666667,37.670833333333334,499.6666666666667,19.495833333333334,11.979166666666666,92.125,0.3070833333333333,15.375,2.0458333333333334,99.25,67.95833333333333
2023-10-27,58.62083333333334,35.50416666666667,516.0416666666666,21.287499999999998,13.333333333333334,95.5,0.21791666666666668,9.708333333333334,2.0645833333333337,106.125,70.25
2023-10-28,60.4125,38.56666666666667,505.9166666666667,18.6125,13.379166666666668,103.125,0.5341666666666667,3.4583333333333335,1.6375,102.29166666666667,68.25
2023-10-29,58.300000000000004,38.18333333333333,414.9583333333333,11.179166666666667,9.320833333333333,107.04166666666667,0.7775,1.2916666666666667,1.5291666666666668,108.29166666666667,70.33333333333333
2023-10-30,69.13333333333334,44.987500000000004,434.2916666666667,12.608333333333334,8.816666666666666,107.79166666666667,0.9329166666666667,1.625,1.1520833333333333,116.33333333333333,73.5
2023-10-31,61.387499999999996,39.108333333333334,411.75,10.483333333333333,7.241666666666667,108.54166666666667,0.9466666666666667,2.1666666666666665,1.2833333333333334,112.83333333333333,71.625
2023-11-01,78.03333333333333,49.63333333333333,426.4166666666667,11.408333333333333,11.733333333333334,108.0,0.94875,2.125,1.1833333333333333,127.75,77.29166666666667
2023-11-02,50.645833333333336,33.18333333333333,424.25,13.808333333333332,9.779166666666667,83.5,0.5379166666666667,0.8333333333333334,1.3895833333333334,128.625,77.5
2023-11-03,28.770833333333332,19.529166666666665,401.5833333333333,14.454166666666666,8.391666666666667,75.54166666666667,0.33083333333333337,0.0,1.5958333333333332,71.16666666666667,49.375
2023-11-04,35.94583333333333,24.245833333333334,312.1666666666667,7.758333333333334,7.479166666666667,90.29166666666667,0.6854166666666667,0.20833333333333334,1.3,63.541666666666664,44.416666666666664
2023-11-05,55.04583333333333,36.82083333333333,386.75,11.833333333333334,10.808333333333332,97.79166666666667,0.65625,0.75,1.3687500000000001,98.25,67.5
2023-11-06,14.020833333333334,9.641666666666667,244.875,8.6875,5.670833333333333,55.541666666666664,0.30083333333333334,0.0,1.2833333333333334,75.0,49.625
2023-11-07,20.6,14.004166666666668,315.375,13.012500000000001,7.433333333333334,53.958333333333336,0.25833333333333336,0.0,1.2708333333333333,44.208333333333336,25.375
2023-11-08,20.145833333333332,13.7875,314.3333333333333,8.7125,5.591666666666666,72.25,0.35958333333333337,0.0,1.5708333333333335,55.458333333333336,32.166666666666664
2023-11-09,42.59583333333333,27.97083333333333,424.0833333333333,14.670833333333334,9.0375,79.41666666666667,0.5458333333333333,0.9166666666666666,1.4395833333333332,63.041666666666664,43.666666666666664
2023-11-10,68.05416666666666,42.30416666666667,493.5833333333333,15.766666666666666,14.316666666666668,94.875,0.4770833333333333,2.1666666666666665,1.5979166666666667,106.20833333333333,70.20833333333333
2023-11-11,79.94583333333334,48.3125,518.3333333333334,16.370833333333334,15.958333333333334,105.83333333333333,0.40208333333333335,3.3333333333333335,1.675,121.95833333333333,75.41666666666667
2023-11-12,90.27499999999999,54.225,597.625,20.1875,16.400000000000002,103.45833333333333,0.5241666666666667,3.375,1.5437500000000002,143.08333333333334,82.16666666666667
2023-11-13,93.03333333333335,55.34583333333333,573.2083333333334,18.579166666666666,15.304166666666667,101.375,0.665,2.375,1.40625,146.58333333333334,83.25
2023-11-14,112.74583333333334,66.5125,608.7083333333334,18.0,14.604166666666666,94.41666666666667,1.0208333333333333,2.7916666666666665,0.9354166666666667,152.375,88.0
2023-11-15,124.67083333333333,74.30416666666666,618.25,17.591666666666665,16.429166666666667,97.91666666666667,0.92125,1.5416666666666667,1.3145833333333334,157.70833333333334,96.20833333333333
2023-11-16,107.91666666666667,65.2,619.0416666666666,16.058333333333334,18.479166666666668,110.95833333333333,0.5912499999999999,0.4166666666666667,1.4979166666666668,157.95833333333334,96.45833333333333
2023-11-17,77.79583333333333,49.425000000000004,587.0,16.991666666666667,17.545833333333334,101.70833333333333,0.4083333333333334,0.0,1.6270833333333332,149.5,86.75
2023-11-18,62.75833333333333,41.020833333333336,510.125,15.008333333333333,13.725,102.54166666666667,0.3725,0.0,1.625,128.91666666666666,77.70833333333333
2023-11-19,38.604166666666664,26.004166666666666,352.375,9.841666666666667,9.479166666666666,89.66666666666667,0.2733333333333334,0.0,1.64375,91.66666666666667,65.08333333333333
2023-11-20,43.5625,29.825,407.4583333333333,14.691666666666668,11.887500000000001,91.375,0.32708333333333334,0.20833333333333334,1.4312500000000001,83.41666666666667,62.083333333333336
2023-11-21,29.462500000000002,20.0,336.9166666666667,11.308333333333332,8.525,69.41666666666667,0.34708333333333335,0.0,1.2145833333333333,79.25,57.625
2023-11-22,18.73333333333333,12.258333333333333,281.5416666666667,8.487499999999999,5.791666666666667,66.25,0.24750000000000003,0.0,1.3666666666666665,56.708333333333336,32.25
2023-11-23,18.966666666666665,12.470833333333333,280.1666666666667,7.108333333333333,6.145833333333333,68.79166666666667,0.23166666666666666,0.0,0.9020833333333335,51.083333333333336,29.333333333333332
2023-11-24,11.066666666666668,7.441666666666666,267.7083333333333,6.654166666666666,3.6291666666666664,67.66666666666667,0.18791666666666665,0.0,1.1812500000000001,38.916666666666664,27.166666666666668
2023-11-25,56.012499999999996,35.88333333333333,398.5416666666667,9.049999999999999,8.570833333333333,92.125,0.51375,0.5,1.2541666666666667,69.45833333333333,49.875
2023-11-26,64.20416666666667,41.5375,421.1666666666667,6.991666666666667,9.725,105.20833333333333,0.78125,0.6666666666666666,1.3125,107.54166666666667,70.83333333333333
2023-11-27,61.104166666666664,38.137499999999996,377.2083333333333,6.0625,7.366666666666667,106.29166666666667,0.7083333333333334,1.1666666666666667,1.0083333333333333,120.54166666666667,74.95833333333333
2023-11-28,29.275000000000002,18.358333333333334,270.25,7.654166666666666,4.641666666666667,77.0,0.37166666666666665,0.75,1.0604166666666666,79.375,54.625
2023-11-29,23.96666666666667,15.129166666666668,255.91666666666666,7.25,6.629166666666666,77.58333333333333,0.21083333333333332,0.625,1.6729166666666666,58.625,35.375
2023-11-30,26.8125,16.900000000000002,265.0416666666667,7.245833333333334,6.020833333333333,70.16666666666667,0.205,0.7083333333333334,1.6541666666666668,55.041666666666664,31.208333333333332
2023-12-01,39.454166666666666,25.587500000000002,384.75,10.700000000000001,11.025,88.58333333333333,0.23958333333333334,0.625,1.6979166666666667,74.625,53.5
2023-12-02,46.55833333333334,31.09583333333333,460.4583333333333,11.174999999999999,14.204166666666666,98.45833333333333,0.30333333333333334,0.0,1.5958333333333332,85.66666666666667,63.041666666666664
2023-12-03,30.3,19.554166666666667,343.5833333333333,10.737499999999999,8.345833333333333,68.375,0.23708333333333334,0.0,1.5062499999999999,78.875,55.75
2023-12-04,22.162499999999998,14.720833333333333,346.9583333333333,11.545833333333334,6.7,51.541666666666664,0.1675,0.0,0.8354166666666667,60.666666666666664,34.0
2023-12-05,17.408333333333335,11.9375,303.9583333333333,8.558333333333334,9.383333333333333,57.083333333333336,0.12666666666666668,0.0,0.7291666666666666,53.541666666666664,27.666666666666668
2023-12-06,21.958333333333332,15.191666666666668,342.1666666666667,8.8375,11.466666666666667,59.5,0.22833333333333336,0.0,0.9541666666666667,45.541666666666664,26.208333333333332
2023-12-07,34.90416666666667,24.1375,416.625,15.083333333333334,12.304166666666667,56.041666666666664,0.3454166666666667,0.0,1.3458333333333332,67.75,43.375
2023-12-08,39.766666666666666,27.474999999999998,436.25,16.6125,12.770833333333334,64.45833333333333,0.3983333333333334,0.0,1.28125,82.41666666666667,61.583333333333336
2023-12-09,35.75,24.8125,403.9166666666667,13.495833333333332,13.408333333333333,84.08333333333333,0.30625,0.0,1.4312500000000001,78.54166666666667,59.75
2023-12-10,36.420833333333334,25.229166666666668,416.875,15.070833333333333,13.670833333333334,84.45833333333333,0.2966666666666667,0.125,1.3458333333333332,76.58333333333333,58.5
2023-12-11,44.31666666666666,30.629166666666666,440.5416666666667,15.766666666666666,12.545833333333334,85.70833333333333,0.36791666666666667,0.0,1.4020833333333333,82.95833333333333,61.958333333333336
2023-12-12,44.34166666666667,30.400000000000002,433.625,14.429166666666667,12.262500000000001,90.33333333333333,0.30375,0.0,1.5,91.91666666666667,65.45833333333333
2023-12-13,51.42083333333333,31.416666666666668,424.3333333333333,13.191666666666668,12.525,102.125,0.36791666666666667,0.0,1.3812499999999999,90.91666666666667,64.54166666666667
2023-12-14,56.5375,30.804166666666664,455.4583333333333,15.608333333333334,12.508333333333333,95.04166666666667,0.3429166666666667,0.2916666666666667,1.4333333333333333,92.41666666666667,65.5
2023-12-15,54.675000000000004,37.141666666666666,433.375,14.783333333333333,11.391666666666666,90.83333333333333,0.38916666666666666,0.75,1.4124999999999999,93.04166666666667,65.66666666666667
2023-12-16,72.67083333333333,48.69583333333333,470.0416666666667,11.820833333333333,15.625,92.70833333333333,0.7720833333333333,0.0,0.7708333333333334,117.70833333333333,74.125
2023-12-17,66.04583333333333,44.262499999999996,425.0416666666667,8.420833333333333,13.070833333333333,100.20833333333333,0.7654166666666667,0.0,0.84375,129.83333333333334,77.875
2023-12-18,78.1125,51.699999999999996,465.5416666666667,10.245833333333334,15.629166666666668,97.29166666666667,0.7766666666666667,0.0,0.8708333333333332,129.20833333333334,77.70833333333333
2023-12-19,74.19166666666666,48.94166666666666,462.2083333333333,11.670833333333334,25.895833333333332,96.66666666666667,0.5554166666666667,0.0,1.3687500000000001,136.29166666666666,80.125
2023-12-20,77.96249999999999,50.42916666666667,483.5416666666667,14.491666666666667,21.933333333333334,95.04166666666667,0.46875,0.625,1.4437499999999999,137.79166666666666,80.54166666666667
2023-12-21,86.95,56.012499999999996,611.0833333333334,23.650000000000002,22.625,97.83333333333333,0.2783333333333333,1.0416666666666667,1.5708333333333335,144.79166666666666,82.66666666666667
2023-12-22,85.84583333333335,55.416666666666664,662.7916666666666,23.804166666666664,22.120833333333334,102.91666666666667,0.23583333333333334,1.1666666666666667,1.5125,150.70833333333334,85.54166666666667
2023-12-23,95.71666666666665,60.62916666666666,585.2083333333334,14.583333333333334,18.879166666666666,116.91666666666667,0.365,0.75,1.4604166666666665,150.79166666666666,86.04166666666667
2023-12-24,99.41666666666667,62.25,548.3333333333334,12.870833333333332,15.6625,110.66666666666667,0.5204166666666666,0.9583333333333334,1.3687500000000001,152.29166666666666,88.04166666666667
2023-12-25,101.52916666666665,63.958333333333336,622.4583333333334,15.266666666666666,17.425,116.25,0.45708333333333334,0.75,1.4145833333333335,155.125,92.16666666666667
2023-12-26,93.61666666666667,59.69166666666666,564.2916666666666,14.508333333333333,13.116666666666667,108.45833333333333,0.4116666666666667,0.8333333333333334,1.54375,152.41666666666666,88.04166666666667
2023-12-27,89.96666666666665,57.770833333333336,516.9583333333334,11.15,12.783333333333333,106.41666666666667,0.4608333333333334,0.6666666666666666,1.4479166666666667,152.375,87.91666666666667
2023-12-28,80.58749999999999,52.2875,508.625,9.933333333333334,11.208333333333334,106.875,0.4245833333333333,0.08333333333333333,1.4208333333333334,149.66666666666666,84.95833333333333
2023-12-29,61.666666666666664,39.766666666666666,435.5833333333333,11.020833333333334,10.795833333333334,97.75,0.2833333333333333,0.9166666666666666,1.5083333333333335,125.125,76.375
2023-12-30,59.4625,38.166666666666664,435.4583333333333,11.450000000000001,10.0625,99.08333333333333,0.32583333333333336,1.5,1.4770833333333335,104.08333333333333,69.625
2023-12-31,68.46249999999999,44.275,455.2083333333333,10.670833333333334,11.391666666666666,98.58333333333333,0.3541666666666667,1.5,1.4875,114.125,72.95833333333333
2024-01-01,77.06666666666666,49.59166666666667,441.0833333333333,8.924999999999999,7.920833333333333,101.45833333333333,0.4566666666666667,1.375,1.4708333333333332,130.45833333333334,78.08333333333333
2024-01-02,84.20416666666667,53.949999999999996,478.2083333333333,9.158333333333333,8.766666666666667,102.29166666666667,0.5175,1.1666666666666667,1.3979166666666665,143.0,82.20833333333333
2024-01-03,81.5,52.237500000000004,467.3333333333333,6.516666666666667,8.633333333333333,110.375,0.69625,0.125,1.3833333333333335,139.125,80.91666666666667
2024-01-04,78.70833333333333,49.6625,419.2916666666667,6.9125000000000005,7.566666666666666,100.04166666666667,0.6816666666666666,0.75,1.3479166666666667,142.75,82.08333333333333
2024-01-05,57.8125,36.475,375.2083333333333,7.279166666666666,8.154166666666667,96.5,0.50625,2.125,1.4416666666666667,118.875,74.41666666666667
2024-01-06,30.204166666666666,18.783333333333335,321.2083333333333,8.120833333333334,6.804166666666667,85.0,0.3116666666666667,1.0416666666666667,1.5062499999999999,81.45833333333333,56.875
2024-01-07,41.30416666666667,25.825,358.2083333333333,8.270833333333334,9.716666666666667,87.58333333333333,0.3454166666666667,1.0,1.45625,72.83333333333333,50.791666666666664
2024-01-08,43.949999999999996,27.55,371.5,7.2749999999999995,9.7625,94.125,0.33125,0.75,1.5854166666666665,81.75,61.583333333333336
2024-01-09,63.0,40.108333333333334,461.7083333333333,8.558333333333334,10.991666666666667,97.04166666666667,0.38999999999999996,0.3333333333333333,1.6020833333333335,90.70833333333333,64.79166666666667
2024-01-10,70.13333333333334,45.25416666666666,441.9583333333333,9.325000000000001,9.666666666666666,89.95833333333333,0.39875,0.375,1.5270833333333333,126.41666666666667,76.91666666666667
2024-01-11,62.512499999999996,40.704166666666666,477.875,13.245833333333332,9.920833333333333,91.04166666666667,0.3433333333333333,0.0,1.64375,117.45833333333333,74.04166666666667
2024-01-12,69.16250000000001,44.9375,477.5,12.737499999999999,10.804166666666667,95.75,0.5283333333333333,0.16666666666666666,1.4770833333333335,114.83333333333333,73.08333333333333
2024-01-13,77.7,50.854166666666664,577.4583333333334,17.529166666666665,10.641666666666667,90.375,0.7608333333333334,0.0,1.2708333333333333,130.45833333333334,78.08333333333333
2024-01-14,80.05416666666666,53.38333333333333,789.5833333333334,29.991666666666664,16.6125,81.08333333333333,0.51,0.0,1.4312500000000001,144.70833333333334,82.70833333333333
2024-01-15,77.44583333333334,52.225,936.7916666666666,42.30416666666667,16.804166666666667,64.5,0.5650000000000001,0.0,1.3812499999999999,143.20833333333334,82.20833333333333
2024-01-16,70.47500000000001,46.77916666666667,601.5,20.558333333333334,8.941666666666666,78.125,0.6162500000000001,0.0,1.34375,139.20833333333334,81.04166666666667
2024-01-17,52.05833333333334,33.641666666666666,353.5416666666667,7.454166666666667,5.558333333333334,93.0,0.5295833333333334,0.0,1.3833333333333335,109.08333333333333,71.20833333333333
2024-01-18,40.449999999999996,26.55,384.25,10.579166666666667,5.7250000000000005,83.41666666666667,0.5925,0.0,1.3354166666666665,82.75,60.958333333333336
2024-01-19,38.324999999999996,24.895833333333332,354.5833333333333,11.6875,6.145833333333333,79.875,0.5083333333333334,0.0,1.3104166666666666,81.58333333333333,61.416666666666664
2024-01-20,35.77916666666667,23.370833333333334,285.5416666666667,8.283333333333333,4.591666666666667,82.45833333333333,0.4979166666666666,0.0,1.4854166666666666,75.875,56.625
2024-01-21,38.108333333333334,25.079166666666666,396.375,12.933333333333332,6.233333333333333,78.0,0.47625,0.125,1.6604166666666667,73.0,51.958333333333336
2024-01-22,37.75416666666667,24.7,360.0416666666667,12.520833333333334,5.770833333333333,75.41666666666667,0.4633333333333333,0.0,1.5791666666666666,79.75,60.708333333333336
2024-01-23,33.958333333333336,22.416666666666668,375.7083333333333,10.887500000000001,7.2124999999999995,82.375,0.3983333333333334,0.5,1.5895833333333333,72.25,51.916666666666664
2024-01-24,44.725,29.554166666666664,434.3333333333333,15.25,6.825,76.70833333333333,0.48541666666666666,0.125,1.3604166666666666,82.83333333333333,60.916666666666664
2024-01-25,84.79166666666667,55.324999999999996,480.9583333333333,12.716666666666667,14.904166666666667,95.25,0.8779166666666667,0.7916666666666666,1.09375,117.29166666666667,73.75
2024-01-26,57.87916666666666,37.520833333333336,403.125,10.950000000000001,8.358333333333333,82.66666666666667,0.6308333333333334,2.5,1.4645833333333333,133.70833333333334,79.25
2024-01-27,60.791666666666664,39.69583333333333,420.5833333333333,12.383333333333333,8.270833333333334,85.91666666666667,0.6379166666666667,3.0,1.4208333333333334,96.25,66.91666666666667
2024-01-28,72.75416666666666,47.112500000000004,478.5416666666667,13.950000000000001,12.158333333333333,98.125,0.4679166666666667,3.3333333333333335,1.6187500000000001,134.375,79.45833333333333
2024-01-29,62.833333333333336,40.69166666666667,418.375,9.920833333333333,8.929166666666667,103.0,0.45291666666666663,1.625,1.6375,114.375,72.95833333333333
2024-01-30,62.79583333333333,39.829166666666666,451.7916666666667,11.108333333333334,10.408333333333333,110.83333333333333,0.5379166666666667,2.375,1.5374999999999999,115.125,72.95833333333333
2024-01-31,41.72083333333333,26.47083333333333,371.8333333333333,11.416666666666666,7.9875,95.33333333333333,0.33708333333333335,2.0833333333333335,1.7479166666666666,94.375,65.70833333333333
2024-02-01,30.870833333333334,20.141666666666666,332.5833333333333,10.083333333333334,7.2250000000000005,90.58333333333333,0.2520833333333333,0.5416666666666666,1.7625000000000002,75.375,53.541666666666664
2024-02-02,43.6875,29.25,531.25,20.658333333333335,9.729166666666666,73.29166666666667,0.3020833333333333,0.16666666666666666,1.7395833333333333,79.16666666666667,58.208333333333336
2024-02-03,52.199999999999996,34.270833333333336,510.5,22.03333333333333,9.379166666666666,72.58333333333333,0.48291666666666666,1.0833333333333333,1.5166666666666666,95.29166666666667,66.58333333333333
2024-02-04,58.208333333333336,36.645833333333336,356.4583333333333,10.674999999999999,8.945833333333333,93.08333333333333,0.48625,5.416666666666667,1.9104166666666667,98.25,67.58333333333333
2024-02-05,51.708333333333336,31.679166666666664,332.125,9.75,6.1125,89.20833333333333,0.47875,7.708333333333333,1.8541666666666667,93.83333333333333,66.0
2024-02-06,52.36666666666667,31.195833333333336,430.4166666666667,16.125,7.166666666666667,77.04166666666667,0.4604166666666667,13.75,1.7270833333333335,89.16666666666667,64.29166666666667
2024-02-07,62.875,37.6625,528.9583333333334,19.075,9.283333333333333,86.54166666666667,0.44416666666666665,14.958333333333334,1.7041666666666666,99.0,67.95833333333333
2024-02-08,73.15833333333333,44.699999999999996,565.75,20.566666666666666,13.158333333333333,102.41666666666667,0.5195833333333334,11.666666666666666,1.7166666666666668,120.25,73.91666666666667
2024-02-09,60.35,36.81666666666667,393.375,10.620833333333334,12.104166666666666,98.54166666666667,0.3829166666666666,9.666666666666666,2.0208333333333335,118.08333333333333,74.20833333333333
2024-02-10,41.56666666666667,25.65833333333333,275.125,6.366666666666667,3.4916666666666667,88.41666666666667,0.38916666666666666,4.666666666666667,1.8479166666666667,85.125,62.583333333333336
2024-02-11,36.25,23.400000000000002,294.9166666666667,6.020833333333333,2.6833333333333336,84.54166666666667,0.35833333333333334,1.875,1.8458333333333332,80.25,60.458333333333336
2024-02-12,33.145833333333336,19.795833333333334,253.41666666666666,5.804166666666667,3.2624999999999997,88.25,0.22875,7.041666666666667,2.1083333333333334,72.25,50.0
2024-02-13,17.054166666666667,10.558333333333334,232.20833333333334,6.941666666666666,3.0833333333333335,76.0,0.11166666666666668,2.0416666666666665,2.214583333333333,54.041666666666664,33.375
2024-02-14,20.279166666666665,13.204166666666666,264.9166666666667,7.283333333333334,3.6291666666666664,77.0,0.14333333333333334,1.125,2.18125,47.333333333333336,31.583333333333332
2024-02-15,24.462500000000002,15.779166666666667,257.6666666666667,7.508333333333333,4.033333333333333,77.70833333333333,0.1425,2.0416666666666665,2.2062500000000003,56.708333333333336,34.583333333333336
2024-02-16,25.183333333333334,16.233333333333334,273.1666666666667,8.7,4.65,84.91666666666667,0.09416666666666668,1.0416666666666667,2.285416666666667,58.083333333333336,37.291666666666664
2024-02-17,21.491666666666664,14.245833333333332,298.7083333333333,10.304166666666665,5.8374999999999995,90.125,0.07541666666666667,0.375,2.2833333333333337,58.666666666666664,38.5
2024-02-18,22.025000000000002,14.558333333333332,329.3333333333333,11.170833333333334,4.933333333333333,84.58333333333333,0.125,1.2083333333333333,2.3333333333333335,54.083333333333336,36.583333333333336
2024-02-19,20.695833333333333,13.870833333333332,307.9583333333333,9.270833333333334,4.425,89.45833333333333,0.23458333333333334,0.5833333333333334,2.2229166666666664,57.125,38.458333333333336
2024-02-20,38.30833333333333,25.541666666666668,438.0416666666667,15.379166666666668,7.175,89.875,0.3658333333333333,1.0416666666666667,1.8083333333333333,67.33333333333333,45.125
2024-02-21,37.9625,25.479166666666668,419.2916666666667,13.866666666666667,7.929166666666667,93.08333333333333,0.33916666666666667,0.6666666666666666,2.1041666666666665,88.04166666666667,62.708333333333336
2024-02-22,37.27916666666667,23.0,531.125,21.425,9.475,80.54166666666667,0.15083333333333335,11.416666666666666,2.410416666666667,77.33333333333333,56.333333333333336
2024-02-23,57.612500000000004,33.762499999999996,610.7083333333334,27.858333333333334,12.620833333333332,79.75,0.25125000000000003,24.125,2.2958333333333334,88.83333333333333,62.541666666666664
2024-02-24,52.18333333333334,33.12083333333333,389.2083333333333,11.762500000000001,6.758333333333333,97.16666666666667,0.4791666666666667,6.25,2.0875,98.20833333333333,67.625
2024-02-25,33.479166666666664,21.34166666666667,257.0416666666667,4.820833333333334,3.8249999999999997,93.29166666666667,0.51625,1.5416666666666667,1.9187500000000002,79.58333333333333,59.125
2024-02-26,28.429166666666664,17.654166666666665,227.33333333333334,4.970833333333333,2.9416666666666664,75.41666666666667,0.41125000000000006,1.625,1.9937500000000001,67.375,42.083333333333336
2024-02-27,17.9375,11.6625,246.16666666666666,8.433333333333334,4.108333333333333,61.333333333333336,0.14666666666666667,0.16666666666666666,2.533333333333333,56.291666666666664,31.875
2024-02-28,17.520833333333332,11.495833333333332,271.7083333333333,8.8375,4.554166666666666,77.33333333333333,0.19291666666666665,0.5416666666666666,2.4250000000000003,48.791666666666664,33.166666666666664
2024-02-29,34.9375,22.6375,312.0833333333333,9.175,6.183333333333334,90.29166666666667,0.3925,1.7916666666666667,2.095833333333333,59.833333333333336,40.583333333333336
2024-03-01,43.57916666666667,27.5125,319.5,8.533333333333333,5.933333333333334,90.25,0.42083333333333334,5.041666666666667,2.13125,82.16666666666667,60.791666666666664
2024-03-02,31.704166666666666,19.720833333333335,356.8333333333333,11.816666666666668,5.254166666666666,79.91666666666667,0.29916666666666664,6.666666666666667,2.4104166666666664,69.54166666666667,50.083333333333336
2024-03-03,41.35,26.787499999999998,360.1666666666667,11.387500000000001,7.604166666666667,95.58333333333333,0.3154166666666667,3.5416666666666665,2.4541666666666666,81.375,57.666666666666664
2024-03-04,43.37916666666666,27.629166666666666,436.5833333333333,16.304166666666667,8.945833333333333,89.04166666666667,0.41791666666666666,5.625,2.13125,82.375,60.541666666666664
2024-03-05,36.0,22.208333333333332,353.0416666666667,13.158333333333333,5.8,76.70833333333333,0.385,8.0,2.4187499999999997,79.41666666666667,59.625
2024-03-06,41.512499999999996,26.333333333333332,367.75,13.395833333333334,6.8,86.375,0.46625,3.25,2.0,76.125,55.916666666666664
2024-03-07,39.795833333333334,26.22083333333333,395.375,13.491666666666667,8.012500000000001,95.45833333333333,0.44,2.125,2.4,84.79166666666667,61.583333333333336
2024-03-08,44.44166666666666,29.28333333333333,447.875,16.783333333333335,10.229166666666666,104.83333333333333,0.3620833333333333,2.5416666666666665,2.4125,99.625,64.41666666666667
2024-03-09,48.762499999999996,31.141666666666666,380.0416666666667,12.083333333333334,8.633333333333333,102.125,0.48625,5.041666666666667,1.7979166666666666,92.33333333333333,64.16666666666667
2024-03-10,39.0875,24.508333333333336,263.5,6.533333333333334,4.666666666666667,79.83333333333333,0.5166666666666667,2.5,2.129166666666667,82.95833333333333,62.0
2024-03-11,53.84583333333333,33.295833333333334,303.875,9.804166666666667,4.779166666666667,78.29166666666667,0.7316666666666666,4.5,1.6708333333333334,82.45833333333333,61.0
2024-03-12,64.07916666666667,40.016666666666666,419.3333333333333,15.395833333333334,7.5249999999999995,93.08333333333333,0.7704166666666667,5.708333333333333,1.6520833333333333,100.625,68.41666666666667
2024-03-13,70.45,44.13333333333333,458.75,15.387500000000001,9.529166666666667,103.16666666666667,0.7616666666666667,6.166666666666667,1.6895833333333332,119.58333333333333,74.5
2024-03-14,69.55,42.762499999999996,474.25,16.883333333333333,10.683333333333332,105.58333333333333,0.6379166666666667,8.5,1.9708333333333334,121.625,74.125
2024-03-15,73.52083333333333,43.44583333333333,376.0416666666667,12.479166666666666,9.554166666666667,96.875,0.7925,10.791666666666666,1.8041666666666665,121.0,75.16666666666667
2024-03-16,46.6625,28.525000000000002,298.875,10.158333333333333,6.833333333333333,91.91666666666667,0.8745833333333333,4.416666666666667,1.8083333333333333,99.95833333333333,68.04166666666667
2024-03-17,36.362500000000004,22.295833333333334,251.91666666666666,7.7625,4.445833333333334,82.20833333333333,0.7608333333333334,3.2083333333333335,1.8062500000000001,81.25,59.833333333333336
2024-03-18,45.166666666666664,28.150000000000002,376.625,15.233333333333334,7.891666666666667,80.625,0.7558333333333334,3.875,1.8604166666666666,72.5,52.458333333333336
2024-03-19,46.145833333333336,28.541666666666668,348.5833333333333,12.5,6.7749999999999995,87.95833333333333,0.7999999999999999,4.875,1.5875000000000001,89.0,64.41666666666667
2024-03-20,61.387499999999996,37.84166666666667,300.75,8.116666666666667,5.608333333333333,89.54166666666667,0.67125,6.708333333333333,1.3625,98.04166666666667,67.625
2024-03-21,40.92916666666667,25.474999999999998,286.4166666666667,8.754166666666666,5.295833333333333,91.0,0.31958333333333333,6.0,2.55625,98.41666666666667,67.625
2024-03-22,32.97083333333333,20.5125,317.4166666666667,10.329166666666667,5.633333333333333,100.79166666666667,0.2775,5.041666666666667,2.4541666666666666,78.83333333333333,51.75
2024-03-23,32.74166666666667,20.516666666666666,305.75,8.720833333333333,5.429166666666667,104.91666666666667,0.37875,5.0,2.1479166666666667,77.75,49.083333333333336
2024-03-24,39.083333333333336,23.729166666666668,297.1666666666667,6.783333333333334,5.508333333333333,108.58333333333333,0.6179166666666667,6.916666666666667,2.01875,78.41666666666667,52.708333333333336
2024-03-25,43.65,25.979166666666668,302.75,7.8500000000000005,5.004166666666666,100.83333333333333,0.64875,9.666666666666666,2.0625,79.83333333333333,59.875
2024-03-26,34.72083333333333,21.420833333333334,268.875,6.5874999999999995,4.904166666666667,109.95833333333333,0.5525,4.666666666666667,2.2270833333333333,83.66666666666667,57.875
2024-03-27,27.233333333333334,16.454166666666666,262.5,7.770833333333333,4.4125000000000005,96.16666666666667,0.48666666666666664,5.291666666666667,2.4895833333333335,68.20833333333333,45.958333333333336
2024-03-28,34.137499999999996,20.666666666666668,304.125,9.170833333333333,5.2749999999999995,97.66666666666667,0.47541666666666665,5.791666666666667,2.3583333333333334,70.20833333333333,44.791666666666664
2024-03-29,48.32083333333333,29.545833333333334,335.5,8.895833333333334,5.716666666666666,109.16666666666667,0.5125000000000001,6.708333333333333,2.1979166666666665,88.45833333333333,59.791666666666664
2024-03-30,41.208333333333336,24.425,290.7083333333333,6.779166666666666,5.845833333333334,108.5,0.56875,8.333333333333334,2.2395833333333335,91.16666666666667,63.083333333333336
2024-03-31,40.74166666666667,24.650000000000002,318.75,9.2875,6.6499999999999995,105.875,0.47374999999999995,6.791666666666667,2.3291666666666666,81.20833333333333,56.583333333333336
2024-04-01,47.604166666666664,28.758333333333336,421.0,16.304166666666667,7.441666666666666,100.20833333333333,0.5058333333333334,6.833333333333333,2.3020833333333335,81.95833333333333,59.416666666666664
2024-04-02,47.49166666666667,29.316666666666666,396.6666666666667,13.3125,5.8999999999999995,102.5,0.6104166666666667,4.666666666666667,1.9958333333333333,92.20833333333333,64.08333333333333
2024-04-03,44.083333333333336,27.333333333333332,313.9583333333333,9.262500000000001,5.6875,100.25,0.64625,3.4166666666666665,1.8791666666666667,89.58333333333333,63.75
2024-04-04,36.5,22.941666666666666,321.75,11.229166666666666,5.925,94.04166666666667,0.5683333333333334,2.8333333333333335,2.0854166666666667,80.91666666666667,58.375
2024-04-05,40.391666666666666,26.09166666666667,443.5833333333333,16.720833333333335,8.308333333333334,92.20833333333333,0.4870833333333333,2.6666666666666665,2.3666666666666667,80.75,55.958333333333336
2024-04-06,50.362500000000004,31.545833333333334,437.8333333333333,16.258333333333333,7.2875000000000005,94.66666666666667,0.5370833333333334,5.916666666666667,2.26875,91.33333333333333,64.29166666666667
2024-04-07,54.30833333333334,33.795833333333334,388.5416666666667,11.766666666666666,6.9375,103.95833333333333,0.7333333333333334,3.25,1.9437499999999999,95.75,66.125
2024-04-08,40.125,25.412499999999998,288.5,6.858333333333333,6.7,104.125,0.5375,2.0,2.5708333333333333,96.875,65.33333333333333
2024-04-09,35.579166666666666,21.870833333333334,218.29166666666666,4.8374999999999995,3.5541666666666667,72.625,0.5633333333333334,3.8333333333333335,2.279166666666667,71.58333333333333,48.666666666666664
2024-04-10,42.87916666666666,25.683333333333334,250.25,5.554166666666667,4.3875,90.75,0.39875,3.625,2.75,77.58333333333333,58.208333333333336
2024-04-11,36.725,22.483333333333334,258.7083333333333,6.295833333333333,5.691666666666666,97.79166666666667,0.4816666666666667,3.5833333333333335,2.314583333333333,76.20833333333333,56.5
2024-04-12,33.53333333333333,21.316666666666666,296.4583333333333,9.325000000000001,4.25,73.70833333333333,0.49833333333333335,2.1666666666666665,2.3229166666666665,68.45833333333333,44.583333333333336
2024-04-13,27.995833333333334,18.191666666666666,310.25,10.1875,3.920833333333333,77.04166666666667,0.3983333333333334,1.0416666666666667,2.7229166666666664,68.125,43.875
2024-04-14,30.754166666666666,20.0625,333.2083333333333,10.1875,4.5125,83.29166666666667,0.41791666666666666,1.0833333333333333,2.4520833333333334,66.83333333333333,43.666666666666664
2024-04-15,29.212500000000002,18.837500000000002,336.2083333333333,9.620833333333334,3.6166666666666667,84.66666666666667,0.3354166666666667,1.25,2.68125,64.29166666666667,42.791666666666664
2024-04-16,32.55833333333333,21.054166666666667,365.8333333333333,11.066666666666668,5.258333333333334,96.375,0.41625,3.5416666666666665,2.5104166666666665,73.91666666666667,46.75
2024-04-17,61.85833333333333,38.59166666666667,454.8333333333333,14.745833333333332,7.654166666666666,100.29166666666667,0.7558333333333334,12.041666666666666,1.90625,94.79166666666667,63.708333333333336
2024-04-18,83.84583333333333,47.9625,480.625,17.233333333333334,9.0,105.54166666666667,0.9179166666666667,28.916666666666668,1.8833333333333335,119.375,73.79166666666667
2024-04-19,84.61666666666666,49.1625,518.5416666666666,18.508333333333333,7.9125000000000005,95.54166666666667,1.0783333333333334,22.541666666666668,1.5625,134.5,79.45833333333333
2024-04-20,105.9375,63.53333333333333,443.25,14.141666666666666,7.770833333333333,98.95833333333333,1.2666666666666666,18.083333333333332,1.08125,145.375,84.29166666666667
2024-04-21,90.89166666666667,56.0875,543.0416666666666,21.820833333333336,9.424999999999999,102.83333333333333,0.9558333333333334,14.541666666666666,1.9104166666666667,153.41666666666666,89.66666666666667
2024-04-22,66.41666666666667,40.725,584.3333333333334,28.02916666666667,10.737499999999999,90.375,0.5620833333333334,13.333333333333334,2.4833333333333334,135.5,79.625
2024-04-23,54.699999999999996,34.125,373.875,11.666666666666666,8.4,112.04166666666667,0.3725,7.833333333333333,2.641666666666667,110.95833333333333,71.66666666666667
2024-04-24,38.387499999999996,23.366666666666664,383.5833333333333,15.0625,6.8500000000000005,93.5,0.32416666666666666,8.791666666666666,2.7375000000000003,80.58333333333333,57.708333333333336
2024-04-25,31.6125,19.608333333333334,324.0416666666667,11.4125,6.2875000000000005,100.83333333333333,0.26166666666666666,4.958333333333333,2.814583333333333,82.0,56.416666666666664
2024-04-26,30.03333333333333,18.599999999999998,289.4166666666667,8.970833333333333,5.0,95.58333333333333,0.28541666666666665,3.25,2.5416666666666665,67.5,45.166666666666664
2024-04-27,33.020833333333336,21.041666666666668,324.7916666666667,10.133333333333333,6.433333333333334,102.04166666666667,0.48666666666666664,2.5416666666666665,2.504166666666667,76.0,48.583333333333336
2024-04-28,40.49583333333333,25.825,299.0833333333333,7.979166666666667,5.616666666666667,105.08333333333333,0.65,2.625,2.1750000000000003,78.58333333333333,55.458333333333336
2024-04-29,37.36666666666667,24.474999999999998,331.4166666666667,12.883333333333333,7.729166666666667,103.66666666666667,0.6454166666666666,1.3333333333333333,2.2354166666666666,85.29166666666667,60.541666666666664
2024-04-30,31.233333333333334,20.75,350.7083333333333,15.420833333333334,8.5,99.625,0.44083333333333335,1.2916666666666667,2.6666666666666665,80.04166666666667,53.916666666666664
2024-05-01,32.96666666666667,20.724999999999998,343.125,11.204166666666666,8.958333333333334,111.16666666666667,0.3566666666666667,8.375,2.7687500000000003,86.83333333333333,53.0
2024-05-02,33.416666666666664,21.195833333333333,358.7083333333333,12.791666666666666,8.591666666666667,115.875,0.3175,8.291666666666666,2.891666666666667,92.5,54.833333333333336
2024-05-03,37.4,24.650000000000002,500.1666666666667,22.974999999999998,10.533333333333333,111.20833333333333,0.2608333333333333,5.666666666666667,2.8041666666666667,102.41666666666667,57.833333333333336
2024-05-04,44.875,29.520833333333332,414.9583333333333,15.225,10.004166666666666,120.91666666666667,0.35000000000000003,3.0,2.6687499999999997,107.25,65.0
2024-05-05,51.81666666666666,33.86666666666667,392.9583333333333,13.904166666666667,9.525,130.5,0.49583333333333335,3.5833333333333335,2.3458333333333337,113.04166666666667,66.58333333333333
2024-05-06,39.07083333333333,25.825,356.8333333333333,11.887500000000001,7.879166666666666,129.41666666666666,0.43583333333333335,2.9583333333333335,2.3583333333333334,106.45833333333333,65.08333333333333
2024-05-07,37.19583333333333,24.6375,278.3333333333333,6.766666666666667,6.7250000000000005,127.20833333333333,0.49541666666666667,2.0416666666666665,2.4520833333333334,89.79166666666667,60.083333333333336
2024-05-08,43.38333333333333,28.2,335.125,11.679166666666667,7.016666666666667,117.875,0.4604166666666667,5.5,2.46875,92.20833333333333,62.458333333333336
2024-05-09,38.208333333333336,24.40416666666667,263.7916666666667,7.258333333333333,6.745833333333334,117.41666666666667,0.5245833333333333,5.125,1.98125,90.625,61.375
2024-05-10,41.75,26.683333333333334,267.1666666666667,9.4375,6.5,109.45833333333333,0.5458333333333333,5.041666666666667,2.18125,88.83333333333333,61.541666666666664
2024-05-11,31.90416666666667,20.3,275.5416666666667,10.762500000000001,6.175,102.625,0.42208333333333337,4.333333333333333,2.345833333333333,84.20833333333333,57.166666666666664
2024-05-12,31.133333333333336,19.875,278.2083333333333,10.720833333333333,5.691666666666666,97.125,0.43625,4.708333333333333,2.347916666666667,76.25,48.166666666666664
2024-05-13,38.80833333333333,25.2375,402.5,18.458333333333332,8.420833333333333,92.91666666666667,0.4566666666666666,5.333333333333333,2.2937499999999997,82.16666666666667,55.208333333333336
2024-05-14,43.975,28.8125,412.9166666666667,19.900000000000002,7.379166666666666,90.0,0.5533333333333333,4.791666666666667,2.0854166666666667,85.66666666666667,61.958333333333336
2024-05-15,47.0875,30.508333333333336,367.0,11.924999999999999,7.091666666666666,110.625,0.6841666666666667,5.25,2.214583333333333,101.29166666666667,64.25
2024-05-16,46.40416666666667,28.745833333333334,337.5416666666667,12.258333333333333,8.049999999999999,93.54166666666667,0.6983333333333333,8.583333333333334,2.0749999999999997,97.33333333333333,66.0
2024-05-17,8.729166666666666,6.083333333333333,204.45833333333334,8.35,6.141666666666667,54.333333333333336,0.1679166666666667,0.041666666666666664,2.4479166666666665,55.916666666666664,36.416666666666664
2024-05-18,15.416666666666666,10.754166666666668,220.29166666666666,7.3125,4.575,91.625,0.36166666666666664,0.08333333333333333,2.1125000000000003,42.625,38.541666666666664
2024-05-19,18.4875,12.654166666666667,246.79166666666666,10.25,5.204166666666667,74.625,0.30375,0.0,2.4583333333333335,48.833333333333336,31.291666666666668
2024-05-20,13.362499999999999,9.120833333333334,226.29166666666666,9.8125,4.104166666666667,68.83333333333333,0.28958333333333336,0.0,2.1020833333333333,49.833333333333336,30.666666666666668
2024-05-21,18.4375,11.370833333333332,247.45833333333334,8.725,5.1125,88.70833333333333,0.3625,5.166666666666667,2.3604166666666666,47.875,37.666666666666664
2024-05-22,30.650000000000002,15.950000000000001,238.04166666666666,9.008333333333333,6.3374999999999995,86.33333333333333,0.42208333333333337,18.291666666666668,2.408333333333333,58.833333333333336,39.0
2024-05-23,48.041666666666664,27.383333333333336,374.625,16.858333333333334,8.841666666666667,108.58333333333333,0.5195833333333334,20.333333333333332,2.0729166666666665,87.08333333333333,50.833333333333336
2024-05-24,84.51666666666667,46.53333333333333,459.3333333333333,18.179166666666667,10.8375,119.25,0.7970833333333333,34.666666666666664,1.95,115.0,69.70833333333333
2024-05-25,52.291666666666664,31.65416666666667,300.625,11.350000000000001,9.112499999999999,93.75,0.8725,13.916666666666666,0.9979166666666667,116.70833333333333,73.66666666666667
2024-05-26,49.85,29.370833333333334,269.0,10.041666666666666,7.866666666666667,101.70833333333333,0.8583333333333334,14.75,1.79375,90.79166666666667,63.75
2024-05-27,46.15,26.175,203.45833333333334,5.645833333333333,6.316666666666666,99.95833333333333,0.6145833333333334,19.541666666666668,2.09375,87.20833333333333,63.625
2024-05-28,36.30833333333333,19.837500000000002,211.20833333333334,6.995833333333334,4.808333333333334,82.66666666666667,0.44083333333333335,22.458333333333332,1.9375,73.5,51.833333333333336
2024-05-29,40.65833333333333,21.625,214.33333333333334,7.583333333333333,5.345833333333334,85.375,0.34958333333333336,29.083333333333332,2.810416666666667,67.0,44.583333333333336
2024-05-30,44.9125,23.3,255.625,10.054166666666667,6.625,87.625,0.36000000000000004,36.333333333333336,2.733333333333333,72.95833333333333,51.666666666666664
2024-05-31,51.82083333333333,23.675,286.9583333333333,12.225,6.8500000000000005,88.08333333333333,0.38666666666666666,54.083333333333336,2.63125,74.75,56.791666666666664
2024-06-01,64.25,31.229166666666668,402.4583333333333,16.845833333333335,8.979166666666666,89.54166666666667,0.5283333333333333,57.666666666666664,2.4770833333333333,84.625,62.791666666666664
2024-06-02,64.50416666666666,37.0375,369.9166666666667,14.525,8.612499999999999,87.29166666666667,0.8708333333333332,29.333333333333332,1.6166666666666665,103.5,69.625
2024-06-03,39.80416666666667,27.59166666666667,362.5,14.0375,7.825,92.66666666666667,0.41291666666666665,5.708333333333333,1.1666666666666667,90.375,64.83333333333333
2024-06-04,57.85,38.99583333333333,340.4166666666667,12.525,11.299999999999999,95.45833333333333,0.6333333333333333,7.958333333333333,1.4270833333333333,95.75,66.66666666666667
2024-06-05,38.3375,26.070833333333336,271.625,7.854166666666667,6.4750000000000005,89.20833333333333,0.5912499999999999,5.458333333333333,1.8604166666666666,98.16666666666667,67.54166666666667
2024-06-06,31.354166666666668,21.195833333333333,304.6666666666667,12.591666666666667,6.966666666666666,76.91666666666667,0.5812499999999999,5.125,1.5166666666666666,68.0,46.625
2024-06-07,34.920833333333334,23.825,322.1666666666667,11.924999999999999,6.795833333333333,79.08333333333333,0.6666666666666666,4.833333333333333,0.9791666666666666,77.95833333333333,57.708333333333336
2024-06-08,25.683333333333334,18.020833333333332,247.04166666666666,7.983333333333333,8.012500000000001,84.625,0.43083333333333335,1.25,1.8666666666666665,68.75,46.916666666666664
2024-06-09,17.333333333333332,12.3375,236.91666666666666,10.4,7.658333333333334,71.16666666666667,0.28125,0.08333333333333333,1.54375,54.125,36.666666666666664
2024-06-10,25.870833333333334,18.495833333333334,277.75,8.629166666666666,6.045833333333333,83.79166666666667,0.4808333333333333,1.2916666666666667,0.7729166666666667,55.5,35.541666666666664
2024-06-11,14.670833333333334,10.475,233.125,6.608333333333333,4.483333333333333,84.08333333333333,0.30416666666666664,2.0833333333333335,1.0354166666666667,58.916666666666664,36.375
2024-06-12,31.058333333333334,20.1375,239.20833333333334,7.216666666666666,5.0249999999999995,85.41666666666667,0.6879166666666667,8.125,1.1791666666666667,51.291666666666664,37.708333333333336
2024-06-13,25.9875,17.270833333333332,204.375,6.0125,4.05,77.25,0.5841666666666666,5.75,1.5166666666666666,66.66666666666667,41.416666666666664
2024-06-14,19.558333333333334,13.279166666666667,216.625,8.383333333333333,4.05,62.791666666666664,0.4345833333333333,3.4583333333333335,1.445833333333333,55.625,31.458333333333332
2024-06-15,17.0125,10.85,197.25,7.554166666666667,4.1125,58.625,0.3445833333333333,5.291666666666667,2.2583333333333333,51.416666666666664,27.125
2024-06-16,18.654166666666665,12.104166666666666,208.33333333333334,8.475,4.604166666666667,59.0,0.355,4.291666666666667,2.2708333333333335,47.208333333333336,26.666666666666668
2024-06-17,18.291666666666668,12.3375,215.16666666666666,8.1875,4.870833333333334,66.91666666666667,0.35791666666666666,2.1666666666666665,1.9000000000000001,51.0,28.583333333333332
2024-06-18,21.75,13.625,194.66666666666666,6.408333333333334,4.620833333333334,69.33333333333333,0.28625,7.5,2.2041666666666666,52.791666666666664,29.666666666666668
2024-06-19,22.47083333333333,12.408333333333333,180.41666666666666,6.045833333333333,4.1875,60.208333333333336,0.27708333333333335,14.083333333333334,2.1333333333333333,51.708333333333336,27.625
2024-06-20,25.120833333333334,12.0875,178.75,6.020833333333333,4.2375,60.458333333333336,0.30875,20.791666666666668,2.4562500000000003,51.375,27.416666666666668
2024-06-21,24.229166666666668,10.475,176.375,7.191666666666666,3.9333333333333336,52.166666666666664,0.31875000000000003,26.208333333333332,1.6395833333333334,43.208333333333336,24.666666666666668
2024-06-22,30.995833333333334,14.225,207.29166666666666,9.754166666666666,5.095833333333333,44.583333333333336,0.4679166666666667,31.5,1.1791666666666667,51.416666666666664,29.583333333333332
2024-06-23,25.570833333333336,13.229166666666666,215.875,9.4625,4.8374999999999995,59.791666666666664,0.27875,20.333333333333332,1.5250000000000001,52.125,29.583333333333332
2024-06-24,23.895833333333332,13.633333333333333,193.75,8.520833333333334,6.691666666666666,62.291666666666664,0.23208333333333334,13.208333333333334,2.25,55.375,30.458333333333332
2024-06-25,16.495833333333334,9.258333333333333,155.04166666666666,6.895833333333333,5.245833333333334,56.625,0.17125,11.416666666666666,2.129166666666667,43.958333333333336,25.75
2024-06-26,11.254166666666668,7.6125,158.5,6.9375,4.404166666666667,57.416666666666664,0.20541666666666666,2.5,1.7999999999999998,36.958333333333336,23.666666666666668
2024-06-27,7.7375,5.316666666666666,171.66666666666666,8.200000000000001,4.595833333333333,44.625,0.12708333333333335,0.7916666666666666,0.525,28.833333333333332,18.0
2024-06-28,9.0625,6.116666666666667,167.625,6.679166666666666,4.229166666666667,48.083333333333336,0.15833333333333333,1.2916666666666667,1.1708333333333332,23.5,19.25
2024-06-29,16.620833333333334,8.762500000000001,166.08333333333334,6.591666666666666,4.016666666666667,50.541666666666664,0.2783333333333333,10.75,1.6395833333333334,30.5,20.291666666666668
2024-06-30,12.354166666666666,7.729166666666667,167.04166666666666,7.991666666666667,6.020833333333333,44.0,0.30125,4.5,1.4208333333333334,37.0,20.208333333333332
2024-07-01,14.945833333333333,7.504166666666666,153.29166666666666,7.433333333333334,4.658333333333333,43.625,0.38958333333333334,12.416666666666666,1.0291666666666666,30.541666666666668,18.416666666666668
2024-07-02,13.095833333333333,6.145833333333333,142.125,5.2625,3.4,47.166666666666664,0.31708333333333333,12.833333333333334,1.6395833333333334,29.125,19.666666666666668
2024-07-03,19.845833333333335,9.487499999999999,161.25,5.8875,3.766666666666667,52.416666666666664,0.48333333333333334,17.5,1.6708333333333334,30.083333333333332,21.541666666666668
2024-07-04,17.724999999999998,8.804166666666667,164.41666666666666,6.608333333333333,4.158333333333333,46.833333333333336,0.46125,14.083333333333334,1.34375,40.916666666666664,21.833333333333332
2024-07-05,13.241666666666667,7.158333333333334,158.375,6.7875000000000005,4.4125000000000005,41.333333333333336,0.3558333333333333,9.041666666666666,1.5666666666666667,33.75,18.833333333333332
2024-07-06,14.845833333333333,7.529166666666666,147.91666666666666,6.4750000000000005,4.0125,47.958333333333336,0.33749999999999997,11.875,1.2750000000000001,29.5,19.916666666666668
2024-07-07,12.904166666666667,8.216666666666667,163.83333333333334,7.120833333333334,4.141666666666667,48.208333333333336,0.23,4.666666666666667,1.23125,31.041666666666668,19.708333333333332
2024-07-08,20.583333333333332,12.633333333333333,209.0,9.475,5.216666666666667,49.75,0.2704166666666667,9.625,1.1500000000000001,46.125,23.541666666666668
2024-07-09,16.029166666666665,10.0875,194.625,9.5,5.758333333333333,42.291666666666664,0.1975,6.458333333333333,0.7729166666666667,44.875,21.875
2024-07-10,22.0625,12.225,197.875,9.070833333333335,4.933333333333334,51.458333333333336,0.2275,14.875,1.9395833333333334,45.208333333333336,24.25
2024-07-11,17.154166666666665,10.154166666666667,184.08333333333334,7.095833333333334,4.208333333333333,51.875,0.22624999999999998,9.666666666666666,1.89375,50.416666666666664,25.25
2024-07-12,17.6375,9.279166666666667,161.20833333333334,5.645833333333333,3.6666666666666665,49.25,0.2125,14.875,1.4458333333333335,38.666666666666664,21.375
2024-07-13,9.391666666666667,5.879166666666666,158.54166666666666,5.266666666666667,3.3083333333333336,45.041666666666664,0.17,3.7916666666666665,1.4312500000000001,31.25,19.166666666666668
2024-07-14,7.4375,5.166666666666667,161.45833333333334,6.383333333333333,3.8000000000000003,37.791666666666664,0.12041666666666667,0.375,1.4708333333333334,22.958333333333332,15.125
2024-07-15,7.8625,5.4125000000000005,183.66666666666666,8.375,4.679166666666666,37.208333333333336,0.17833333333333334,0.75,0.4666666666666666,21.125,14.875
2024-07-16,9.445833333333333,6.479166666666667,195.625,8.954166666666667,5.316666666666667,38.5,0.17166666666666666,0.75,0.7208333333333333,28.125,15.541666666666666
2024-07-17,8.929166666666667,6.004166666666666,157.75,6.254166666666666,4.0125,46.416666666666664,0.15916666666666665,1.875,1.2458333333333333,25.0,18.5
2024-07-18,7.204166666666667,4.991666666666666,156.33333333333334,5.925,3.4125,47.416666666666664,0.14958333333333332,0.625,1.1520833333333333,24.583333333333332,19.083333333333332
2024-07-19,5.083333333333333,3.5541666666666667,154.04166666666666,6.316666666666666,3.845833333333333,42.75,0.13,0.16666666666666666,0.6291666666666667,21.125,17.041666666666668
2024-07-20,5.291666666666667,3.6458333333333335,151.70833333333334,5.741666666666667,3.0625,43.833333333333336,0.09833333333333333,0.5,0.525,20.125,17.541666666666668
2024-07-21,7.0249999999999995,4.866666666666666,165.16666666666666,6.304166666666667,3.8874999999999997,42.875,0.08833333333333333,1.0416666666666667,1.0458333333333334,20.541666666666668,17.166666666666668
2024-07-22,6.2875000000000005,4.104166666666667,154.66666666666666,5.375,3.5583333333333336,47.208333333333336,0.14166666666666666,1.5833333333333333,1.1145833333333333,21.583333333333332,18.916666666666668
2024-07-23,6.891666666666667,4.545833333333333,147.29166666666666,5.320833333333334,3.408333333333333,41.25,0.15791666666666668,1.75,1.0041666666666667,20.291666666666668,16.625
2024-07-24,6.741666666666667,4.3374999999999995,148.04166666666666,5.958333333333333,3.408333333333333,35.916666666666664,0.1758333333333333,1.75,0.6,18.958333333333332,14.375
2024-07-25,4.670833333333333,3.2125,143.375,5.916666666666667,3.4291666666666667,35.541666666666664,0.07791666666666668,0.6666666666666666,0.4916666666666667,17.625,14.291666666666666
2024-07-26,18.245833333333334,9.083333333333334,153.20833333333334,5.466666666666666,3.983333333333333,48.166666666666664,0.2975,19.041666666666668,1.0125,24.833333333333332,19.333333333333332
2024-07-27,12.5375,6.375,154.375,6.204166666666667,3.5833333333333335,38.833333333333336,0.385,11.666666666666666,0.6666666666666666,30.833333333333332,17.416666666666668
2024-07-28,19.820833333333333,8.491666666666667,147.16666666666666,4.8125,3.154166666666667,45.958333333333336,0.3545833333333333,24.791666666666668,1.5458333333333334,31.333333333333332,19.25
2024-07-29,19.770833333333332,8.370833333333334,169.83333333333334,6.183333333333334,3.9291666666666667,45.541666666666664,0.27625,22.916666666666668,1.41875,34.791666666666664,21.166666666666668
2024-07-30,20.983333333333334,9.404166666666667,169.16666666666666,5.791666666666667,3.904166666666667,51.0,0.3666666666666667,22.166666666666668,1.84375,37.125,23.25
2024-07-31,15.658333333333333,8.220833333333333,176.33333333333334,6.366666666666667,3.829166666666667,47.916666666666664,0.34958333333333336,9.958333333333334,1.6854166666666668,37.958333333333336,22.25
2024-08-01,13.229166666666666,7.4624999999999995,178.0,6.875,3.9,42.833333333333336,0.35333333333333333,9.125,1.2854166666666667,33.666666666666664,17.875
2024-08-02,9.433333333333334,6.079166666666667,170.08333333333334,7.0249999999999995,3.9416666666666664,39.125,0.25833333333333336,3.0416666666666665,0.9395833333333333,28.708333333333332,16.791666666666668
2024-08-03,9.1,5.466666666666666,149.625,5.945833333333333,3.4625,43.041666666666664,0.18333333333333335,4.333333333333333,1.9520833333333334,23.75,17.166666666666668
2024-08-04,12.820833333333333,7.0625,154.91666666666666,5.966666666666666,3.9375,46.041666666666664,0.2525,8.041666666666666,2.058333333333333,25.833333333333332,18.583333333333332
2024-08-05,19.408333333333335,9.816666666666666,183.91666666666666,7.7,4.245833333333334,45.208333333333336,0.26791666666666664,15.625,2.31875,32.75,19.375
2024-08-06,16.808333333333334,9.441666666666666,185.91666666666666,7.445833333333333,4.654166666666667,39.916666666666664,0.23458333333333334,9.375,1.7458333333333333,43.166666666666664,21.041666666666668
2024-08-07,15.979166666666666,9.65,203.83333333333334,8.799999999999999,4.870833333333334,41.166666666666664,0.34041666666666665,7.0,0.9666666666666667,40.041666666666664,19.416666666666668
2024-08-08,28.15833333333333,13.120833333333332,230.20833333333334,9.933333333333334,4.941666666666666,46.958333333333336,0.4891666666666667,28.25,1.6083333333333334,43.833333333333336,23.625
2024-08-09,33.25833333333333,16.366666666666667,243.45833333333334,10.008333333333333,4.7124999999999995,54.75,0.4970833333333333,28.291666666666668,1.9541666666666666,55.916666666666664,31.375
2024-08-10,28.212500000000002,13.5375,226.58333333333334,8.633333333333333,4.370833333333334,56.333333333333336,0.3841666666666667,26.208333333333332,2.1999999999999997,57.958333333333336,31.958333333333332
2024-08-11,31.6375,13.987499999999999,228.125,9.441666666666666,4.583333333333333,52.458333333333336,0.33875000000000005,32.791666666666664,2.308333333333333,51.916666666666664,29.458333333333332
2024-08-12,30.662499999999998,16.691666666666666,315.4583333333333,14.4375,5.808333333333334,45.708333333333336,0.3225,17.333333333333332,2.30625,57.541666666666664,32.791666666666664
2024-08-13,38.3125,21.883333333333336,404.9583333333333,18.745833333333334,7.0874999999999995,56.041666666666664,0.4175,19.583333333333332,1.8833333333333335,65.54166666666667,39.791666666666664
2024-08-14,32.82083333333333,21.17083333333333,384.2083333333333,19.341666666666665,5.991666666666667,66.41666666666667,0.3779166666666667,8.125,1.65625,67.5,42.25
2024-08-15,39.49166666666667,25.620833333333334,400.7083333333333,20.275000000000002,6.329166666666667,58.25,0.4725,6.541666666666667,1.2645833333333334,79.83333333333333,59.25
2024-08-16,34.262499999999996,22.708333333333332,340.75,16.583333333333332,6.05,56.625,0.45458333333333334,2.6666666666666665,1.6041666666666667,76.45833333333333,57.708333333333336
2024-08-17,25.316666666666666,17.379166666666666,320.4166666666667,15.529166666666667,6.4125000000000005,63.166666666666664,0.3566666666666667,0.20833333333333334,1.8895833333333334,61.416666666666664,39.125
2024-08-18,37.300000000000004,25.59166666666667,361.125,17.650000000000002,6.966666666666666,65.125,0.5320833333333334,0.0,1.8104166666666668,73.08333333333333,51.291666666666664
2024-08-19,35.00833333333333,24.179166666666664,333.125,15.016666666666666,7.758333333333333,63.083333333333336,0.5895833333333333,0.0,2.05625,76.41666666666667,57.041666666666664
2024-08-20,23.954166666666666,16.779166666666665,305.6666666666667,13.083333333333334,6.55,73.875,0.315,0.0,2.2666666666666666,70.45833333333333,50.0
2024-08-21,22.141666666666666,15.299999999999999,286.8333333333333,11.295833333333334,4.9875,72.125,0.3,0.0,2.2916666666666665,55.375,34.625
2024-08-22,19.691666666666666,13.466666666666667,262.625,11.941666666666668,7.408333333333334,58.166666666666664,0.21375,0.0,2.0479166666666666,59.666666666666664,33.208333333333336
2024-08-23,13.508333333333333,9.370833333333334,187.25,8.15,6.954166666666667,46.375,0.19999999999999998,0.0,1.9729166666666667,42.875,22.666666666666668
2024-08-24,8.108333333333333,5.7749999999999995,176.33333333333334,7.108333333333333,5.579166666666667,39.083333333333336,0.11166666666666668,0.25,1.2291666666666667,36.041666666666664,18.583333333333332
2024-08-25,8.416666666666666,5.516666666666667,173.25,5.966666666666666,3.8000000000000003,42.958333333333336,0.11541666666666667,2.0833333333333335,1.7249999999999999,21.75,17.208333333333332
2024-08-26,9.170833333333333,5.825,157.375,5.133333333333334,3.529166666666667,48.666666666666664,0.13291666666666666,2.0,2.4562500000000003,25.083333333333332,19.375
2024-08-27,12.075000000000001,7.629166666666666,163.16666666666666,5.883333333333333,3.775,45.375,0.19000000000000003,2.6666666666666665,2.18125,27.666666666666668,18.625
2024-08-28,13.295833333333334,8.166666666666666,176.625,6.6499999999999995,4.458333333333333,44.666666666666664,0.18625,3.4583333333333335,2.3625000000000003,31.416666666666668,19.375
2024-08-29,21.566666666666666,11.424999999999999,196.45833333333334,8.454166666666667,4.504166666666666,41.75,0.3670833333333334,14.125,1.5291666666666668,40.125,20.333333333333332
2024-08-30,26.3125,13.233333333333334,227.33333333333334,9.245833333333334,4.966666666666667,42.583333333333336,0.3729166666666666,22.166666666666668,0.8583333333333334,52.75,26.625
2024-08-31,17.150000000000002,10.066666666666666,196.08333333333334,7.820833333333333,4.645833333333333,38.625,0.30583333333333335,9.75,0.21041666666666667,48.125,23.375
2024-09-01,16.875,10.799999999999999,190.20833333333334,6.816666666666666,5.233333333333333,48.291666666666664,0.24583333333333335,7.291666666666667,0.18333333333333335,45.041666666666664,21.875
2024-09-02,19.616666666666667,11.241666666666667,174.375,5.3875,4.2749999999999995,48.666666666666664,0.16666666666666666,14.708333333333334,1.1104166666666666,45.041666666666664,22.5
2024-09-03,16.6375,8.862499999999999,173.66666666666666,5.9750000000000005,3.6333333333333333,47.833333333333336,0.17166666666666666,12.958333333333334,1.5541666666666665,40.75,22.416666666666668
2024-09-04,11.924999999999999,7.175,182.79166666666666,6.804166666666667,4.120833333333334,43.041666666666664,0.18083333333333332,5.291666666666667,0.69375,31.625,18.833333333333332
2024-09-05,18.266666666666666,11.141666666666666,200.58333333333334,7.445833333333333,4.166666666666667,48.833333333333336,0.33958333333333335,8.083333333333334,1.7104166666666665,39.541666666666664,21.583333333333332
2024-09-06,14.429166666666667,9.116666666666667,199.375,6.458333333333333,3.875,51.5,0.2841666666666667,5.333333333333333,1.8083333333333333,43.208333333333336,23.041666666666668
2024-09-07,20.179166666666667,12.15,231.95833333333334,9.174999999999999,4.8625,41.5,0.26666666666666666,9.0,0.55625,43.416666666666664,20.875
2024-09-08,13.1,8.645833333333334,199.75,7.3,4.516666666666667,41.75,0.26625,3.0833333333333335,0.6895833333333333,42.958333333333336,20.916666666666668
2024-09-09,13.395833333333334,8.995833333333334,206.04166666666666,8.15,5.0125,37.666666666666664,0.33375,1.7083333333333333,0.7625000000000001,36.958333333333336,17.625
2024-09-10,12.104166666666666,7.9624999999999995,176.54166666666666,5.708333333333333,4.004166666666666,47.5,0.25333333333333335,2.4166666666666665,1.8875,38.25,21.0
2024-09-11,17.354166666666668,10.1625,184.16666666666666,6.25,3.891666666666667,50.666666666666664,0.20583333333333334,6.916666666666667,1.8479166666666667,34.458333333333336,20.833333333333332
2024-09-12,26.77916666666667,13.704166666666666,191.08333333333334,6.683333333333334,4.05,50.291666666666664,0.25,21.166666666666668,1.6375,47.916666666666664,24.083333333333332
2024-09-13,43.71666666666667,18.0,216.16666666666666,7.695833333333333,4.7749999999999995,51.875,0.32458333333333333,53.708333333333336,1.6854166666666668,58.875,36.625
2024-09-14,29.958333333333332,14.904166666666667,233.79166666666666,8.645833333333334,5.125,54.208333333333336,0.325,24.916666666666668,2.0833333333333335,60.666666666666664,40.125
2024-09-15,23.754166666666666,12.883333333333333,214.375,7.433333333333334,4.808333333333334,54.958333333333336,0.23416666666666666,13.791666666666666,2.252083333333333,55.333333333333336,29.416666666666668
2024-09-16,28.120833333333334,15.6625,220.83333333333334,7.479166666666667,5.75,61.625,0.2916666666666667,16.958333333333332,0.9770833333333333,50.458333333333336,27.083333333333332
2024-09-17,44.04583333333333,24.0625,263.7083333333333,8.608333333333333,6.766666666666667,78.79166666666667,0.33666666666666667,27.5,2.095833333333333,67.375,44.958333333333336
2024-09-18,48.9375,28.075,301.9583333333333,11.424999999999999,6.758333333333333,76.625,0.355,24.125,2.35,78.83333333333333,60.0
2024-09-19,52.27916666666667,31.608333333333334,381.0416666666667,13.362499999999999,8.637500000000001,84.33333333333333,0.4154166666666667,18.375,2.2604166666666665,88.375,63.875
2024-09-20,47.574999999999996,31.28333333333333,358.0833333333333,13.387500000000001,7.058333333333334,80.33333333333333,0.5750000000000001,9.958333333333334,2.089583333333333,92.5,65.45833333333333
2024-09-21,41.25833333333333,28.520833333333332,327.4166666666667,12.020833333333334,5.5125,74.5,0.735,3.875,1.0416666666666667,91.25,65.08333333333333
2024-09-22,31.5125,21.849999999999998,335.5416666666667,12.600000000000001,4.645833333333333,81.91666666666667,0.7191666666666667,0.9166666666666666,1.01875,73.04166666666667,51.541666666666664
2024-09-23,40.416666666666664,28.166666666666668,442.2916666666667,16.979166666666668,7.841666666666666,78.58333333333333,0.8116666666666666,0.0,1.0895833333333333,77.08333333333333,58.375
2024-09-24,35.545833333333334,24.870833333333334,414.2916666666667,14.145833333333334,7.120833333333334,78.08333333333333,0.5812499999999999,0.0,1.3687500000000001,86.83333333333333,63.5
2024-09-25,26.087500000000002,18.329166666666666,342.875,10.195833333333333,5.779166666666666,70.375,0.48041666666666666,0.0,1.1729166666666666,70.33333333333333,46.458333333333336
2024-09-26,12.770833333333334,8.620833333333334,209.08333333333334,7.4750000000000005,4.666666666666667,54.208333333333336,0.23375,0.5,1.8145833333333332,47.333333333333336,27.875
2024-09-27,15.191666666666668,9.495833333333334,205.5,7.641666666666667,5.470833333333334,51.875,0.24833333333333332,3.5833333333333335,1.6395833333333334,39.208333333333336,22.083333333333332
2024-09-28,18.395833333333332,11.983333333333334,307.0,11.566666666666668,6.2375,46.208333333333336,0.1779166666666667,2.625,2.0541666666666667,43.166666666666664,23.291666666666668
2024-09-29,28.641666666666666,19.108333333333334,443.5,19.625,7.9624999999999995,51.458333333333336,0.2508333333333333,2.2083333333333335,1.7958333333333334,56.708333333333336,33.208333333333336
2024-09-30,30.566666666666666,20.724999999999998,411.25,19.708333333333332,6.566666666666666,56.125,0.265,1.4166666666666667,2.03125,67.16666666666667,41.416666666666664
2024-10-01,50.074999999999996,34.266666666666666,611.5833333333334,30.09583333333333,12.216666666666667,70.45833333333333,0.42124999999999996,1.6666666666666667,1.5416666666666667,86.125,60.75
2024-10-02,32.15833333333333,22.116666666666664,310.7083333333333,12.762500000000001,7.0249999999999995,79.125,0.49875,0.625,1.7729166666666665,82.25,61.291666666666664
2024-10-03,39.775,26.55,296.4166666666667,9.158333333333333,5.879166666666666,87.29166666666667,0.6875,2.9166666666666665,1.71875,72.95833333333333,52.958333333333336
2024-10-04,54.5375,35.512499999999996,355.9583333333333,12.229166666666666,7.625,82.33333333333333,0.7470833333333333,6.458333333333333,1.625,92.375,65.58333333333333
2024-10-05,57.44583333333333,36.19166666666667,479.625,19.729166666666668,8.283333333333333,81.20833333333333,0.7570833333333334,12.125,1.7166666666666668,95.91666666666667,66.75
2024-10-06,105.35416666666667,64.08333333333333,661.4583333333334,29.108333333333334,16.720833333333335,89.5,0.9033333333333333,20.333333333333332,1.4541666666666666,137.04166666666666,81.625
2024-10-07,88.80416666666667,54.604166666666664,474.5833333333333,19.704166666666666,12.35,93.20833333333333,0.90375,13.125,1.29375,154.33333333333334,90.91666666666667
2024-10-08,54.04583333333333,33.25,306.2083333333333,10.799999999999999,8.262500000000001,73.70833333333333,0.49583333333333335,9.083333333333334,1.8291666666666666,120.54166666666667,75.04166666666667
2024-10-09,17.0,11.316666666666668,229.04166666666666,8.354166666666666,5.070833333333334,57.833333333333336,0.20166666666666666,0.16666666666666666,1.7791666666666666,68.45833333333333,43.583333333333336
2024-10-10,14.729166666666666,10.141666666666667,252.625,10.25,6.3,50.625,0.13625,0.0,1.9958333333333333,43.0,24.041666666666668
2024-10-11,9.754166666666666,6.641666666666667,202.25,7.5249999999999995,4.783333333333333,41.791666666666664,0.09708333333333334,0.0,1.6854166666666666,34.458333333333336,18.666666666666668
2024-10-12,12.862499999999999,8.679166666666667,227.58333333333334,9.8375,5.929166666666667,37.833333333333336,0.14166666666666666,0.0,1.1041666666666667,31.666666666666668,16.583333333333332
2024-10-13,15.716666666666667,10.5375,253.75,11.179166666666667,5.379166666666666,48.458333333333336,0.17916666666666667,0.0,1.914583333333333,33.916666666666664,20.916666666666668
2024-10-14,26.75,18.270833333333332,404.0833333333333,18.391666666666666,8.229166666666666,64.83333333333333,0.33749999999999997,0.0,1.1,56.916666666666664,33.916666666666664
2024-10-15,24.2,16.337500000000002,346.8333333333333,15.3375,9.049999999999999,60.25,0.25625000000000003,0.0,1.9166666666666667,62.75,36.458333333333336
2024-10-16,18.466666666666665,12.491666666666667,301.7916666666667,12.529166666666667,7.4375,59.541666666666664,0.22958333333333333,0.0,1.8791666666666667,54.708333333333336,30.75
2024-10-17,13.8375,9.241666666666667,247.91666666666666,9.241666666666667,6.7375,54.833333333333336,0.17958333333333334,0.0,1.7625,48.458333333333336,24.875
2024-10-18,16.554166666666667,11.045833333333334,255.04166666666666,10.454166666666667,5.183333333333334,55.75,0.16874999999999998,0.0,1.7395833333333333,35.625,23.291666666666668
2024-10-19,23.8125,16.287499999999998,335.125,15.883333333333333,6.320833333333333,45.625,0.20583333333333334,0.0,1.7708333333333333,58.166666666666664,31.666666666666668
2024-10-20,17.466666666666665,11.875,266.625,11.945833333333333,6.954166666666667,52.458333333333336,0.22041666666666668,0.0,1.55,52.375,27.833333333333332
2024-10-21,22.254166666666666,15.166666666666666,285.0,12.237499999999999,7.129166666666666,63.458333333333336,0.26958333333333334,0.0,1.5541666666666665,52.125,29.875
2024-10-22,27.108333333333334,18.470833333333335,333.3333333333333,14.508333333333333,7.333333333333333,65.29166666666667,0.3645833333333333,0.0,1.1125,57.875,33.291666666666664
2024-10-23,64.0,40.854166666666664,542.2916666666666,23.504166666666666,15.299999999999999,82.5,0.49,1.7083333333333333,1.8145833333333332,84.66666666666667,57.041666666666664
2024-10-24,94.67916666666667,57.51666666666667,612.625,25.02916666666667,17.4875,88.79166666666667,0.5854166666666667,4.708333333333333,1.6541666666666668,144.83333333333334,84.08333333333333
2024-10-25,86.25416666666666,50.958333333333336,476.625,12.958333333333334,9.191666666666666,95.875,0.6075,7.208333333333333,1.7125000000000001,139.875,81.20833333333333
2024-10-26,50.550000000000004,33.050000000000004,712.5,17.208333333333332,9.174999999999999,84.5,0.29583333333333334,0.7916666666666666,1.7666666666666666,121.79166666666667,75.45833333333333
2024-10-27,61.475,37.887499999999996,1554.8333333333333,21.183333333333334,9.887500000000001,84.0,0.4920833333333334,8.666666666666666,1.58125,91.58333333333333,65.33333333333333
2024-10-28,73.68333333333334,45.59583333333333,1315.875,23.441666666666666,11.8375,83.70833333333333,0.6241666666666666,8.416666666666666,1.3541666666666667,117.91666666666667,74.08333333333333
2024-10-29,83.50833333333334,51.6625,1258.2083333333333,26.6375,14.045833333333334,99.04166666666667,0.73,7.625,1.33125,132.83333333333334,78.58333333333333
2024-10-30,80.35000000000001,53.9125,1036.0833333333333,19.770833333333332,12.104166666666666,87.41666666666667,1.1512499999999999,1.2083333333333333,0.975,148.79166666666666,84.58333333333333
2024-10-31,46.90833333333333,32.166666666666664,693.625,15.183333333333332,7.441666666666666,83.83333333333333,0.8783333333333333,0.08333333333333333,1.1541666666666666,113.125,72.45833333333333
2024-11-01,64.22083333333333,42.99166666666667,924.125,22.8125,9.279166666666667,71.54166666666667,0.69,0.9583333333333334,1.5125,109.45833333333333,71.41666666666667
2024-11-02,68.04583333333333,46.604166666666664,964.125,22.745833333333334,12.366666666666667,65.70833333333333,0.9658333333333333,0.3333333333333333,0.9562499999999999,123.66666666666667,75.83333333333333
2024-11-03,67.72500000000001,45.71666666666667,823.0416666666666,17.570833333333333,13.654166666666667,83.66666666666667,0.84875,0.75,1.2958333333333334,123.04166666666667,75.70833333333333
2024-11-04,75.5125,49.083333333333336,844.7083333333334,20.245833333333334,13.645833333333334,85.125,0.665,3.5416666666666665,1.4000000000000001,132.79166666666666,78.875
2024-11-05,94.35000000000001,57.11666666666667,838.125,24.195833333333336,12.733333333333334,85.25,0.5583333333333333,8.708333333333334,1.5854166666666665,142.08333333333334,81.95833333333333
2024-11-06,89.35416666666667,54.07083333333333,811.0,23.604166666666668,16.8,97.54166666666667,0.41,6.375,1.7208333333333332,150.08333333333334,85.375
2024-11-07,91.575,54.85,723.5,23.03333333333333,18.666666666666668,103.875,0.4070833333333333,4.416666666666667,1.6104166666666666,145.125,82.79166666666667
2024-11-08,90.09583333333335,56.04583333333333,845.0,31.25,19.033333333333335,93.20833333333333,0.3983333333333334,4.291666666666667,1.6458333333333333,146.41666666666666,83.29166666666667
2024-11-09,93.19166666666666,59.895833333333336,738.625,41.416666666666664,20.854166666666668,80.25,0.53125,2.625,1.3145833333333334,152.16666666666666,87.66666666666667
2024-11-10,93.45833333333333,59.84166666666667,657.125,31.995833333333334,18.537499999999998,85.625,0.6420833333333333,2.2916666666666665,1.4833333333333334,152.375,88.08333333333333
2024-11-11,89.58333333333333,57.333333333333336,608.7916666666666,18.133333333333333,15.108333333333334,93.25,0.5045833333333333,1.125,1.5499999999999998,150.45833333333334,85.625
2024-11-12,62.07083333333333,44.604166666666664,513.7083333333334,11.041666666666666,14.783333333333333,102.91666666666667,0.445,0.7083333333333334,1.6854166666666668,145.20833333333334,83.875
2024-11-13,39.916666666666664,39.2125,444.0416666666667,10.954166666666666,14.345833333333333,96.79166666666667,0.5208333333333334,1.0,1.2041666666666666,111.79166666666667,72.25
2024-11-14,28.8875,28.554166666666664,421.125,8.591666666666667,9.879166666666666,98.375,0.5104166666666666,0.0,1.04375,93.33333333333333,65.875
2024-11-15,32.612500000000004,32.19166666666667,455.2083333333333,8.341666666666667,11.070833333333333,109.58333333333333,0.4741666666666667,0.20833333333333334,1.445833333333333,89.29166666666667,63.958333333333336
2024-11-16,45.71666666666667,45.050000000000004,509.5416666666667,10.366666666666667,21.079166666666666,130.20833333333334,0.4283333333333333,1.375,1.5999999999999999,116.875,71.08333333333333
2024-11-17,52.57083333333333,51.36666666666667,489.4166666666667,12.904166666666667,24.141666666666666,127.95833333333333,0.43625,2.1666666666666665,1.5666666666666667,136.20833333333334,78.91666666666667
2024-11-18,56.14166666666667,54.479166666666664,498.5416666666667,12.929166666666667,19.995833333333334,120.16666666666667,0.42874999999999996,2.9583333333333335,1.5416666666666667,144.29166666666666,82.54166666666667
2024-11-19,63.475,61.74583333333334,512.625,15.129166666666668,19.433333333333334,112.66666666666667,0.4608333333333334,2.9166666666666665,1.5083333333333335,151.91666666666666,87.83333333333333
2024-11-20,55.225,53.90833333333333,566.7083333333334,13.166666666666666,17.920833333333334,116.29166666666667,0.42250000000000004,2.375,1.6125,150.70833333333334,86.16666666666667
2024-11-21,63.51666666666667,61.14166666666667,552.0833333333334,14.329166666666666,17.470833333333335,120.875,0.4708333333333334,3.9166666666666665,1.5270833333333333,144.79166666666666,83.08333333333333
2024-11-22,75.46666666666667,72.63333333333334,606.375,13.083333333333334,19.195833333333333,127.25,0.6733333333333333,5.208333333333333,1.325,156.66666666666666,94.41666666666667
2024-11-23,79.20416666666667,76.59166666666667,670.7916666666666,13.545833333333334,16.495833333333334,122.66666666666667,0.6433333333333333,4.583333333333333,1.3666666666666665,159.875,99.375
2024-11-24,85.9875,82.52499999999999,623.4166666666666,13.8375,16.787499999999998,124.91666666666667,0.7229166666666668,5.916666666666667,1.2520833333333334,163.25,104.54166666666667
2024-11-25,70.46666666666667,67.35416666666667,553.75,13.229166666666666,14.241666666666667,116.54166666666667,0.5083333333333333,5.375,1.4520833333333334,160.70833333333334,100.75
2024-11-26,67.175,64.19166666666666,531.625,14.316666666666668,18.716666666666665,116.91666666666667,0.4795833333333333,5.125,1.48125,156.375,94.08333333333333
2024-11-27,44.225,42.5375,489.6666666666667,10.841666666666667,19.941666666666666,122.79166666666667,0.31124999999999997,3.2083333333333335,1.5041666666666667,137.375,81.04166666666667
2024-11-28,47.762499999999996,45.020833333333336,420.7083333333333,9.983333333333333,24.65416666666667,130.0,0.2575,5.25,1.5854166666666665,121.66666666666667,74.25
2024-11-29,53.07083333333333,51.34583333333333,502.5,9.204166666666667,24.920833333333334,135.125,0.3645833333333333,3.2916666666666665,1.1541666666666666,136.29166666666666,80.0
2024-11-30,36.791666666666664,36.395833333333336,456.6666666666667,10.070833333333333,23.96666666666667,107.16666666666667,0.2733333333333333,0.5416666666666666,0.50625,122.29166666666667,75.54166666666667
2024-12-01,14.016666666666666,13.85,376.0416666666667,10.195833333333333,11.170833333333334,73.16666666666667,0.15541666666666668,0.0,0.7291666666666666,75.04166666666667,49.375
2024-12-02,12.6625,12.575000000000001,356.125,8.658333333333333,6.925,71.95833333333333,0.22375,0.0,0.8020833333333334,51.208333333333336,29.541666666666668
2024-12-03,12.933333333333332,12.408333333333333,382.5416666666667,7.3500000000000005,6.791666666666667,73.0,0.265,0.0,1.1166666666666667,48.541666666666664,29.416666666666668
2024-12-04,18.037499999999998,17.650000000000002,421.875,9.049999999999999,7.258333333333333,77.83333333333333,0.32458333333333333,0.0,1.2833333333333334,56.791666666666664,33.708333333333336
2024-12-05,18.366666666666667,18.150000000000002,532.1666666666666,12.950000000000001,8.570833333333333,66.29166666666667,0.27666666666666667,0.0,0.74375,63.791666666666664,37.291666666666664
2024-12-06,25.375,25.041666666666668,464.75,13.916666666666666,6.391666666666667,61.833333333333336,0.44875,0.0,0.8583333333333334,68.04166666666667,43.333333333333336
2024-12-07,32.574999999999996,32.17916666666667,586.9583333333334,19.679166666666667,9.5625,63.541666666666664,0.5287499999999999,0.0,1.1291666666666667,90.25,64.79166666666667
2024-12-08,29.616666666666664,28.8125,534.9166666666666,14.941666666666668,7.704166666666667,58.541666666666664,0.5879166666666666,0.125,0.7666666666666666,83.29166666666667,62.125
2024-12-09,49.57916666666667,48.5375,554.0416666666666,27.020833333333332,12.941666666666668,56.708333333333336,0.6716666666666667,0.20833333333333334,0.6083333333333333,108.375,70.95833333333333
2024-12-10,44.15833333333333,43.38333333333333,421.3333333333333,13.545833333333334,12.395833333333334,93.625,0.7829166666666666,0.75,0.8541666666666666,133.16666666666666,79.04166666666667
2024-12-11,35.19166666666667,34.2875,425.9166666666667,13.970833333333333,16.579166666666666,100.79166666666667,0.30291666666666667,1.5833333333333333,1.4395833333333332,106.625,70.58333333333333
2024-12-12,38.84166666666667,37.645833333333336,571.4166666666666,17.875,20.900000000000002,103.29166666666667,0.26666666666666666,2.125,1.45625,99.375,67.20833333333333
2024-12-13,57.76666666666667,56.625,548.7083333333334,13.358333333333334,21.983333333333334,118.04166666666667,0.45708333333333334,2.0416666666666665,1.4625000000000001,126.45833333333333,76.79166666666667
2024-12-14,61.06666666666666,60.550000000000004,551.0833333333334,11.9,27.02916666666667,122.66666666666667,0.44625000000000004,1.0416666666666667,1.4437499999999999,152.125,87.54166666666667
2024-12-15,59.29583333333333,58.40833333333333,578.0,15.049999999999999,24.366666666666664,122.29166666666667,0.33083333333333337,1.4166666666666667,1.4875,153.5,88.95833333333333
2024-12-16,55.15416666666667,53.8125,622.4583333333334,15.791666666666666,22.991666666666664,119.54166666666667,0.235,2.2916666666666665,1.5270833333333333,150.04166666666666,84.91666666666667
2024-12-17,61.69583333333333,60.525,744.8333333333334,17.474999999999998,23.337500000000002,129.33333333333334,0.2404166666666667,2.0416666666666665,1.5166666666666666,151.20833333333334,87.0
2024-12-18,57.475,56.699999999999996,687.7916666666666,16.491666666666667,25.041666666666668,119.66666666666667,0.2679166666666667,1.0833333333333333,1.5,151.91666666666666,87.04166666666667
2024-12-19,40.3125,39.512499999999996,551.0416666666666,10.637500000000001,19.283333333333335,108.625,0.2925,1.2083333333333333,1.3083333333333333,137.25,80.41666666666667
2024-12-20,26.195833333333336,26.008333333333336,546.375,9.491666666666667,10.654166666666667,93.08333333333333,0.5020833333333333,0.0,1.13125,80.29166666666667,59.375
2024-12-21,37.77916666666667,37.512499999999996,489.4583333333333,13.454166666666666,12.424999999999999,89.125,0.6391666666666667,0.16666666666666666,1.125,96.54166666666667,67.0
2024-12-22,43.17916666666667,42.68333333333334,495.2083333333333,11.625,11.554166666666667,92.83333333333333,0.92,0.7916666666666666,0.8520833333333333,113.29166666666667,72.66666666666667
2024-12-23,46.237500000000004,45.42083333333333,513.625,11.137500000000001,12.1,100.04166666666667,0.7304166666666667,1.375,1.00625,120.41666666666667,75.08333333333333
2024-12-24,36.44583333333333,34.90833333333333,487.0416666666667,9.262500000000001,10.754166666666668,87.70833333333333,0.31708333333333333,2.4583333333333335,1.2104166666666667,120.0,74.75
2024-12-25,12.545833333333334,12.299999999999999,386.75,10.870833333333332,8.166666666666666,73.79166666666667,0.14125000000000001,0.2916666666666667,0.6,69.95833333333333,45.416666666666664
2024-12-26,12.325000000000001,11.995833333333332,371.125,7.3,6.825,80.375,0.21125000000000002,0.0,0.6041666666666666,46.833333333333336,32.166666666666664
2024-12-27,17.741666666666667,17.154166666666665,373.9583333333333,6.316666666666666,7.341666666666666,81.875,0.24,0.0,1.3833333333333335,56.041666666666664,33.75
2024-12-28,31.71666666666667,30.754166666666666,496.9583333333333,7.1499999999999995,7.9624999999999995,100.54166666666667,0.3279166666666667,0.375,1.1624999999999999,75.125,53.25
2024-12-29,26.766666666666666,25.787499999999998,536.8333333333334,9.283333333333333,7.458333333333333,89.08333333333333,0.19708333333333336,0.25,1.5020833333333332,86.54166666666667,63.458333333333336
2024-12-30,32.77916666666667,32.145833333333336,675.5416666666666,12.708333333333334,13.779166666666667,102.33333333333333,0.245,0.9583333333333334,1.45,84.83333333333333,62.625
2024-12-31,46.512499999999996,45.60833333333333,652.8333333333334,11.3125,15.441666666666668,109.16666666666667,0.4808333333333333,1.25,1.2979166666666668,108.0,70.91666666666667
2025-01-01,58.2875,57.137499999999996,545.7083333333334,15.170833333333334,15.116666666666667,103.58333333333333,0.52375,1.4583333333333333,1.2479166666666666,139.625,81.08333333333333
2025-01-02,37.87083333333333,36.99583333333333,510.5,15.299999999999999,19.758333333333333,96.79166666666667,0.18291666666666664,1.4583333333333333,1.4604166666666665,136.58333333333334,80.375
2025-01-03,24.7625,22.150000000000002,481.7083333333333,15.833333333333334,16.708333333333332,96.75,0.11125,4.916666666666667,1.6187500000000001,83.66666666666667,58.083333333333336
2025-01-04,31.804166666666664,29.070833333333336,537.3333333333334,16.845833333333335,16.020833333333332,102.375,0.14333333333333334,5.041666666666667,1.6583333333333332,85.70833333333333,60.875
2025-01-05,47.43333333333334,45.60833333333333,911.7083333333334,12.458333333333334,17.6375,117.91666666666667,0.2225,3.0,1.5374999999999999,108.625,70.83333333333333
2025-01-06,53.55416666666667,52.42916666666667,666.2083333333334,9.595833333333333,13.075000000000001,117.08333333333333,0.3858333333333333,1.4166666666666667,1.4208333333333334,131.70833333333334,78.58333333333333
2025-01-07,55.55416666666667,54.699999999999996,667.2083333333334,11.283333333333333,17.7375,123.16666666666667,0.4770833333333333,1.0,1.4166666666666667,144.54166666666666,82.70833333333333
2025-01-08,53.54583333333333,52.86666666666667,557.7916666666666,13.370833333333332,19.854166666666668,124.16666666666667,0.4983333333333333,1.125,1.4166666666666667,150.20833333333334,84.125
2025-01-09,51.425000000000004,50.3125,620.75,11.049999999999999,13.958333333333334,123.79166666666667,0.5625,1.7916666666666667,1.3854166666666667,130.95833333333334,78.0
2025-01-10,49.324999999999996,47.5875,660.25,7.616666666666667,12.079166666666666,117.79166666666667,0.5604166666666667,2.375,1.5354166666666667,143.95833333333334,82.58333333333333
2025-01-11,35.03333333333333,33.516666666666666,507.7083333333333,7.033333333333334,11.504166666666668,109.83333333333333,0.47500000000000003,1.625,1.4958333333333333,107.375,70.70833333333333
2025-01-12,47.925000000000004,45.61666666666667,448.0416666666667,6.683333333333334,10.0625,110.29166666666667,0.7166666666666667,2.5833333333333335,1.3375000000000001,107.83333333333333,70.875
2025-01-13,47.32916666666666,45.18333333333334,506.3333333333333,8.8375,10.291666666666666,105.95833333333333,0.77625,2.625,1.1125,126.29166666666667,76.91666666666667
2025-01-14,42.59583333333333,40.354166666666664,536.375,8.029166666666667,11.745833333333332,106.79166666666667,0.54,2.8333333333333335,1.3062500000000001,122.45833333333333,75.54166666666667
2025-01-15,36.56666666666667,35.30416666666667,445.7083333333333,7.325,8.116666666666667,98.91666666666667,0.5125000000000001,1.0,1.2708333333333333,100.45833333333333,68.375
2025-01-16,53.675000000000004,51.94583333333333,498.4166666666667,9.641666666666667,9.679166666666667,104.95833333333333,0.7266666666666667,1.8333333333333333,1.2354166666666666,116.33333333333333,73.54166666666667
2025-01-17,68.24583333333334,66.8125,570.0416666666666,12.470833333333333,15.370833333333332,109.0,0.7591666666666667,1.6666666666666667,1.3187499999999999,153.20833333333334,90.375
2025-01-18,66.38333333333334,65.49583333333334,639.3333333333334,10.570833333333333,18.641666666666666,124.125,0.7433333333333333,1.0,1.29375,155.79166666666666,93.20833333333333
2025-01-19,61.10833333333333,60.5375,708.4583333333334,17.491666666666667,27.4875,133.58333333333334,0.43041666666666667,1.0,1.5687499999999999,156.0,91.125
2025-01-20,44.199999999999996,43.958333333333336,614.75,15.512500000000001,23.058333333333334,125.79166666666667,0.22958333333333333,0.2916666666666667,1.7604166666666667,142.875,81.33333333333333
2025-01-21,33.387499999999996,33.270833333333336,703.75,15.408333333333333,19.520833333333332,120.29166666666667,0.13583333333333333,0.0,1.8541666666666667,114.45833333333333,72.08333333333333
2025-01-22,42.99583333333334,42.6875,800.5833333333334,10.279166666666667,17.837500000000002,140.875,0.19125,0.125,1.8104166666666668,111.75,67.91666666666667
2025-01-23,41.625,40.391666666666666,572.9583333333334,8.120833333333334,10.320833333333333,116.58333333333333,0.18625,1.0833333333333333,1.95,119.54166666666667,74.625
2025-01-24,36.9125,35.07083333333333,501.6666666666667,8.983333333333333,8.658333333333333,102.375,0.15625,1.75,1.9166666666666667,110.41666666666667,71.83333333333333
2025-01-25,24.008333333333336,23.366666666666664,650.6666666666666,11.645833333333334,8.154166666666667,95.20833333333333,0.105,0.20833333333333334,1.9958333333333333,83.375,61.0
2025-01-26,30.079166666666666,29.308333333333334,712.0416666666666,12.275,12.858333333333334,113.5,0.18958333333333333,1.0,1.9375,84.54166666666667,58.0
2025-01-27,40.475,39.6625,1028.9166666666667,12.7875,14.191666666666668,127.20833333333333,0.30875,1.125,1.8395833333333333,113.29166666666667,68.54166666666667
2025-01-28,38.28333333333333,37.733333333333334,771.5,9.5375,11.679166666666667,125.70833333333333,0.30791666666666667,0.6666666666666666,1.7666666666666666,118.16666666666667,70.625
2025-01-29,40.40416666666667,39.86666666666667,605.4583333333334,7.845833333333334,9.008333333333333,118.66666666666667,0.3333333333333333,0.0,1.7791666666666668,111.0,70.625
2025-01-30,44.104166666666664,43.645833333333336,612.4166666666666,10.4375,8.991666666666665,111.79166666666667,0.28458333333333335,0.0,1.7979166666666666,120.625,74.91666666666667
2025-01-31,35.170833333333334,34.733333333333334,644.3333333333334,10.25,8.725,110.66666666666667,0.24708333333333332,0.0,1.8187499999999999,111.375,71.95833333333333
2025-02-01,21.204166666666666,20.745833333333334,545.9166666666666,8.854166666666666,7.883333333333333,98.33333333333333,0.1525,0.0,1.9375,82.33333333333333,58.791666666666664
2025-02-02,18.129166666666666,17.833333333333332,568.1666666666666,8.3125,7.3999999999999995,100.125,0.13875,0.0,1.9854166666666666,68.875,45.875
2025-02-03,18.866666666666667,18.695833333333333,718.5416666666666,9.066666666666666,8.708333333333334,106.375,0.11291666666666667,0.0,2.0833333333333335,71.70833333333333,46.208333333333336
2025-02-04,24.708333333333332,24.612499999999997,634.7083333333334,10.166666666666666,8.154166666666667,106.125,0.18708333333333335,0.0,2.033333333333333,70.16666666666667,48.0
2025-02-05,29.583333333333332,29.5125,606.4583333333334,8.529166666666667,9.245833333333334,116.75,0.29041666666666666,0.0,1.95,92.5,63.541666666666664
2025-02-06,27.291666666666668,27.191666666666666,655.4583333333334,8.391666666666667,9.270833333333334,112.70833333333333,0.30916666666666665,0.0,1.9270833333333333,89.25,62.375
2025-02-07,39.67916666666667,39.395833333333336,611.7083333333334,9.658333333333333,10.641666666666667,112.54166666666667,0.51375,0.0,1.7395833333333333,98.375,66.375
2025-02-08,46.32083333333333,45.90833333333333,698.2916666666666,11.808333333333332,12.629166666666668,115.33333333333333,0.58875,0.5833333333333334,1.6770833333333333,120.04166666666667,73.83333333333333
2025-02-09,49.19583333333333,48.57916666666667,573.625,12.429166666666667,13.983333333333334,121.70833333333333,0.4083333333333334,1.0833333333333333,1.8541666666666667,136.04166666666666,79.91666666666667
2025-02-10,45.291666666666664,44.45416666666667,628.8333333333334,8.9125,9.674999999999999,115.125,0.4025,1.375,1.9270833333333333,127.125,76.91666666666667
2025-02-11,51.0625,49.4625,629.375,9.762500000000001,9.608333333333333,115.875,0.6104166666666667,2.5833333333333335,1.6937499999999999,127.08333333333333,76.875
2025-02-12,42.84583333333333,41.137499999999996,594.4583333333334,13.945833333333333,10.441666666666666,115.04166666666667,0.5499999999999999,2.9583333333333335,1.7229166666666667,122.79166666666667,73.45833333333333
2025-02-13,43.15833333333333,41.916666666666664,816.375,19.900000000000002,17.045833333333334,111.95833333333333,0.36916666666666664,2.2083333333333335,1.8645833333333333,131.66666666666666,77.16666666666667
2025-02-14,38.4125,34.57083333333333,733.9166666666666,20.395833333333332,19.9375,111.54166666666667,0.23583333333333334,7.625,2.0479166666666666,117.25,69.95833333333333
2025-02-15,38.375,34.18333333333333,830.7916666666666,21.34166666666667,19.349999999999998,105.95833333333333,0.155,8.083333333333334,2.2062500000000003,110.20833333333333,69.79166666666667
2025-02-16,33.87916666666667,28.162499999999998,670.4166666666666,17.375,18.266666666666666,119.41666666666667,0.16,10.916666666666666,2.2937499999999997,101.29166666666667,64.91666666666667
2025-02-17,27.320833333333336,24.3,778.375,10.475,9.866666666666667,122.83333333333333,0.18208333333333335,5.541666666666667,2.3583333333333334,95.45833333333333,60.833333333333336
2025-02-18,31.22083333333333,28.8875,631.125,14.799999999999999,9.666666666666666,111.83333333333333,0.24875,4.166666666666667,2.2624999999999997,89.125,61.291666666666664
2025-02-19,36.954166666666666,34.862500000000004,554.125,15.970833333333333,11.625,113.75,0.3566666666666667,3.9583333333333335,2.0854166666666667,102.29166666666667,65.875
2025-02-20,41.475,38.574999999999996,716.375,13.333333333333334,10.450000000000001,109.83333333333333,0.5358333333333333,5.333333333333333,1.8395833333333333,110.0,70.04166666666667
2025-02-21,40.333333333333336,35.7875,527.5,10.845833333333333,9.362499999999999,109.58333333333333,0.41124999999999995,8.625,1.9979166666666666,109.875,70.41666666666667
2025-02-22,46.5,37.5875,661.875,16.195833333333333,11.716666666666667,102.70833333333333,0.2804166666666667,17.291666666666668,2.06875,107.20833333333333,70.41666666666667
2025-02-23,45.04583333333333,32.270833333333336,682.5833333333334,15.945833333333333,13.4125,107.16666666666667,0.2629166666666667,24.916666666666668,2.120833333333333,106.625,69.25
2025-02-24,33.80833333333333,20.5,439.5,9.741666666666667,10.416666666666666,117.83333333333333,0.18416666666666667,25.916666666666668,2.347916666666667,86.91666666666667,57.083333333333336
2025-02-25,32.675000000000004,26.53333333333333,400.7916666666667,8.070833333333333,8.483333333333333,111.125,0.255,11.875,2.2583333333333333,82.125,56.041666666666664
2025-02-26,47.0625,38.69583333333333,484.0,9.420833333333333,10.4375,118.125,0.41083333333333333,16.375,2.1229166666666663,96.75,64.70833333333333
2025-02-27,54.21666666666667,44.25,492.5,9.520833333333334,12.0,123.25,0.3970833333333333,19.208333333333332,2.0625,125.54166666666667,75.70833333333333
2025-02-28,50.95416666666667,43.74583333333334,487.0,7.866666666666667,11.608333333333334,120.04166666666667,0.3641666666666667,13.291666666666666,2.0437499999999997,119.75,74.75
2025-03-01,36.56666666666667,29.09583333333333,459.4583333333333,8.299999999999999,9.666666666666666,106.79166666666667,0.22541666666666668,14.125,2.1479166666666667,108.29166666666667,71.0
2025-03-02,22.97083333333333,19.3875,567.2916666666666,10.299999999999999,8.841666666666667,98.33333333333333,0.20583333333333334,6.916666666666667,2.2583333333333333,74.75,53.916666666666664
2025-03-03,33.125,29.03333333333333,718.625,16.808333333333334,12.879166666666668,104.54166666666667,0.37875,8.041666666666666,2.0375,81.16666666666667,52.25
2025-03-04,52.237500000000004,39.15833333333333,906.875,27.075,18.05,89.04166666666667,0.29291666666666666,25.666666666666668,2.15625,107.375,70.20833333333333
2025-03-05,52.27916666666667,32.15833333333333,630.375,19.791666666666668,14.75,94.04166666666667,0.2283333333333333,39.458333333333336,2.4812499999999997,103.625,68.70833333333333
2025-03-06,21.945833333333336,19.241666666666667,517.125,17.083333333333332,12.933333333333332,105.04166666666667,0.10083333333333333,5.125,2.6666666666666665,90.41666666666667,58.375
2025-03-07,28.974999999999998,28.820833333333336,731.25,21.3125,19.729166666666668,120.875,0.14125000000000001,0.20833333333333334,2.6395833333333334,98.95833333333333,58.916666666666664
2025-03-08,35.94166666666667,34.862500000000004,921.7083333333334,19.304166666666667,16.724999999999998,136.625,0.24833333333333332,1.9583333333333333,2.466666666666667,114.625,66.75
2025-03-09,44.387499999999996,41.30833333333333,590.7083333333334,7.383333333333333,9.65,159.25,0.43124999999999997,5.291666666666667,2.214583333333333,132.75,70.66666666666667
2025-03-10,37.7375,34.44166666666667,466.0833333333333,7.208333333333333,7.7749999999999995,120.79166666666667,0.45208333333333334,5.5,2.36875,112.125,69.5
2025-03-11,38.833333333333336,35.1625,552.7916666666666,8.720833333333333,10.695833333333333,117.70833333333333,0.41333333333333333,6.708333333333333,2.35,109.20833333333333,69.08333333333333
2025-03-12,32.704166666666666,30.11666666666667,640.4166666666666,10.204166666666667,10.479166666666666,125.54166666666667,0.2866666666666667,4.791666666666667,2.4604166666666667,115.125,67.5
2025-03-13,35.15833333333333,32.81666666666667,496.125,15.424999999999999,10.766666666666666,119.25,0.4191666666666667,4.416666666666667,2.2958333333333334,99.5,64.41666666666667
2025-03-14,38.8375,35.9625,513.625,11.608333333333334,10.470833333333333,127.91666666666667,0.5075,5.166666666666667,2.097916666666667,113.5,69.0
2025-03-15,31.65416666666667,29.1125,513.125,8.049999999999999,8.533333333333333,126.79166666666667,0.4191666666666667,4.708333333333333,2.402083333333333,106.95833333333333,67.25
2025-03-16,23.383333333333336,21.566666666666666,477.0833333333333,7.4875,6.4750000000000005,122.45833333333333,0.29791666666666666,3.2083333333333335,2.5145833333333334,92.66666666666667,60.458333333333336
2025-03-17,16.183333333333334,15.7125,449.3333333333333,10.116666666666667,7.8374999999999995,112.58333333333333,0.25708333333333333,0.7916666666666666,2.6354166666666665,80.83333333333333,48.833333333333336
2025-03-18,18.175,17.545833333333334,472.0833333333333,8.320833333333333,7.204166666666667,114.25,0.3275,1.2083333333333333,2.5541666666666667,80.04166666666667,47.208333333333336
2025-03-19,12.129166666666668,11.758333333333333,336.875,6.6375,5.175,98.75,0.17125,0.4166666666666667,2.7541666666666664,65.91666666666667,43.166666666666664
2025-03-20,11.291666666666666,10.65,302.0833333333333,9.245833333333334,4.995833333333334,74.125,0.17,0.4583333333333333,2.6104166666666666,43.125,31.125
2025-03-21,10.983333333333334,10.683333333333332,330.125,9.779166666666667,6.5125,86.58333333333333,0.17166666666666666,0.0,2.44375,52.583333333333336,37.083333333333336
2025-03-22,19.733333333333334,18.775000000000002,386.1666666666667,8.341666666666667,7.170833333333333,98.45833333333333,0.4579166666666667,1.1666666666666667,1.89375,62.833333333333336,42.333333333333336
2025-03-23,29.15416666666667,25.916666666666668,416.6666666666667,11.762500000000001,6.5874999999999995,91.83333333333333,0.5458333333333333,5.208333333333333,1.8812499999999999,71.5,48.5
2025-03-24,34.62916666666667,29.375,502.625,16.116666666666667,8.904166666666667,95.75,0.5208333333333334,9.25,2.0520833333333335,90.20833333333333,63.458333333333336
2025-03-25,42.550000000000004,34.85,561.2916666666666,14.495833333333332,10.054166666666667,118.79166666666667,0.45,14.458333333333334,2.1458333333333335,112.33333333333333,67.375
2025-03-26,40.1875,32.112500000000004,473.5,10.266666666666667,8.262500000000001,131.83333333333334,0.4270833333333333,15.916666666666666,2.3520833333333333,115.08333333333333,67.58333333333333
2025-03-27,42.762499999999996,36.854166666666664,497.0416666666667,14.779166666666667,10.458333333333334,135.70833333333334,0.5208333333333334,11.666666666666666,2.129166666666667,118.29166666666667,67.875
2025-03-28,50.12083333333334,43.63333333333333,618.0416666666666,19.287499999999998,12.958333333333334,136.58333333333334,0.6533333333333333,12.833333333333334,1.9416666666666667,126.91666666666667,72.04166666666667
2025-03-29,67.53333333333333,59.362500000000004,600.7916666666666,22.5,14.416666666666666,138.16666666666666,0.88875,16.0,1.6666666666666667,144.70833333333334,80.66666666666667
2025-03-30,62.5,53.82083333333333,541.875,12.075000000000001,12.495833333333332,145.25,1.0066666666666666,17.125,1.5708333333333335,158.95833333333334,88.625
2025-03-31,50.1,38.833333333333336,474.5833333333333,9.674999999999999,9.041666666666666,129.83333333333334,0.8575,22.333333333333332,1.9208333333333334,126.91666666666667,73.5
2025-04-01,43.15833333333333,35.604166666666664,447.7083333333333,8.491666666666667,7.066666666666666,112.0,0.6,14.625,2.122916666666667,120.125,74.79166666666667
2025-04-02,21.2625,19.016666666666666,376.5,7.516666666666667,4.333333333333333,88.125,0.2941666666666667,3.2916666666666665,2.5916666666666663,76.16666666666667,54.458333333333336
2025-04-03,28.891666666666666,26.287499999999998,486.75,8.200000000000001,5.25,91.16666666666667,0.7770833333333332,3.9583333333333335,1.383333333333333,68.75,47.291666666666664
2025-04-04,32.75833333333333,31.587500000000002,626.6666666666666,12.416666666666666,8.075000000000001,115.375,0.6525,1.8333333333333333,1.875,103.79166666666667,65.25
2025-04-05,32.55416666666667,29.929166666666664,749.4166666666666,15.633333333333333,8.254166666666666,107.625,0.47500000000000003,5.041666666666667,2.3291666666666666,93.08333333333333,63.875
2025-04-06,41.920833333333334,34.78333333333333,733.0416666666666,20.916666666666668,9.833333333333334,111.58333333333333,0.52125,13.875,2.0437499999999997,103.875,65.95833333333333
2025-04-07,33.99583333333333,26.229166666666668,488.0,17.320833333333333,9.279166666666667,119.16666666666667,0.3408333333333333,15.208333333333334,2.2125,109.29166666666667,66.875
2025-04-08,22.412499999999998,16.925,419.4166666666667,8.629166666666666,6.575,103.08333333333333,0.3541666666666667,10.791666666666666,2.345833333333333,83.45833333333333,54.041666666666664
2025-04-09,32.4,24.412499999999998,466.875,10.883333333333333,8.299999999999999,112.375,0.4479166666666667,15.541666666666666,2.2354166666666666,89.66666666666667,52.291666666666664
2025-04-10,48.675000000000004,35.583333333333336,499.2083333333333,16.2,9.841666666666667,114.75,0.6587500000000001,26.583333333333332,1.98125,100.29166666666667,64.0
2025-04-11,44.104166666666664,32.170833333333334,608.0416666666666,18.55,11.766666666666666,118.25,0.5395833333333333,24.5,2.13125,113.54166666666667,68.83333333333333
2025-04-12,38.27916666666667,24.599999999999998,516.9583333333334,14.116666666666667,9.745833333333334,113.41666666666667,0.44416666666666665,27.416666666666668,2.279166666666667,95.70833333333333,64.0
2025-04-13,51.80416666666667,27.833333333333332,555.7916666666666,20.354166666666668,12.479166666666666,109.70833333333333,0.35874999999999996,47.458333333333336,2.1166666666666667,96.95833333333333,62.75
2025-04-14,52.645833333333336,32.583333333333336,515.2083333333334,15.641666666666666,10.070833333333335,125.75,0.41791666666666666,40.708333333333336,2.2270833333333333,104.70833333333333,64.625
2025-04-15,59.42916666666667,38.012499999999996,458.9166666666667,10.108333333333333,7.408333333333334,118.91666666666667,0.6020833333333333,43.083333333333336,1.78125,107.0,68.70833333333333
2025-04-16,50.07916666666667,35.020833333333336,405.0,11.2875,7.858333333333333,120.45833333333333,0.58875,30.375,2.066666666666667,109.70833333333333,68.66666666666667
2025-04-17,44.387499999999996,32.49166666666667,480.5,14.116666666666667,9.174999999999999,117.75,0.5333333333333333,23.458333333333332,2.2708333333333335,108.70833333333333,67.875
2025-04-18,48.1875,34.0,541.3333333333334,16.954166666666666,9.545833333333333,126.91666666666667,0.5241666666666667,28.75,2.2083333333333335,112.375,66.83333333333333
2025-04-19,54.88333333333333,39.84583333333333,516.1666666666666,18.75,10.333333333333334,115.70833333333333,0.7383333333333333,30.041666666666668,2.0500000000000003,111.04166666666667,69.33333333333333
2025-04-20,54.229166666666664,40.170833333333334,513.125,14.295833333333334,10.3375,123.95833333333333,0.7016666666666667,28.5,2.0,121.08333333333333,73.0
2025-04-21,57.612500000000004,42.61666666666667,456.0416666666667,13.762500000000001,9.204166666666667,125.66666666666667,0.7570833333333334,29.958333333333332,1.9000000000000001,122.66666666666667,73.08333333333333
2025-04-22,52.03333333333333,37.87083333333333,534.5416666666666,18.358333333333334,9.5625,120.45833333333333,0.5633333333333334,28.583333333333332,2.1166666666666667,122.25,71.70833333333333
2025-04-23,43.425000000000004,33.12916666666667,500.4166666666667,14.529166666666667,9.066666666666666,122.25,0.4870833333333333,20.833333333333332,2.2666666666666666,118.625,69.33333333333333
2025-04-24,36.2875,29.724999999999998,510.125,12.966666666666667,9.25,120.70833333333333,0.48666666666666664,12.958333333333334,2.3020833333333335,108.0,65.95833333333333
2025-04-25,39.324999999999996,34.17916666666667,469.5833333333333,18.48333333333333,10.025,114.58333333333333,0.5825,10.416666666666666,2.2937499999999997,103.79166666666667,65.25
2025-04-26,47.9,41.708333333333336,443.25,17.054166666666667,10.233333333333333,115.58333333333333,0.8108333333333334,11.916666666666666,1.9979166666666668,119.41666666666667,72.33333333333333
2025-04-27,39.425000000000004,34.61666666666667,396.1666666666667,13.033333333333333,9.2125,110.375,0.7937500000000001,9.291666666666666,1.9708333333333332,113.375,70.91666666666667
2025-04-28,35.17916666666667,30.28333333333333,387.9166666666667,14.008333333333333,9.533333333333333,116.125,0.47333333333333333,9.916666666666666,2.3270833333333334,110.79166666666667,66.70833333333333
2025-04-29,26.2375,18.966666666666665,357.5833333333333,10.441666666666666,7.9875,112.375,0.3775,14.791666666666666,2.5500000000000003,92.08333333333333,58.208333333333336
2025-04-30,44.7125,28.75,377.6666666666667,14.158333333333333,8.75,114.375,0.47541666666666665,32.291666666666664,1.9479166666666667,90.5,56.333333333333336
2025-05-01,42.45,28.65416666666667,418.6666666666667,10.041666666666666,8.6875,115.375,0.5395833333333333,29.125,2.316666666666667,98.79166666666667,63.958333333333336
2025-05-02,42.887499999999996,30.495833333333334,369.7083333333333,10.4875,9.3375,115.5,0.5370833333333334,25.333333333333332,2.2041666666666666,100.75,65.04166666666667
2025-05-03,32.416666666666664,24.745833333333334,368.7083333333333,9.204166666666667,8.5875,121.20833333333333,0.40458333333333335,15.916666666666666,2.4270833333333335,104.875,64.5
2025-05-04,30.541666666666668,25.087500000000002,412.9583333333333,11.254166666666668,10.575000000000001,140.125,0.40875,10.916666666666666,2.5541666666666667,112.79166666666667,62.625
2025-05-05,35.87083333333333,25.608333333333334,420.375,15.970833333333333,9.549999999999999,118.45833333333333,0.36041666666666666,20.5,2.389583333333333,99.45833333333333,61.541666666666664
2025-05-06,60.8375,37.275,520.75,24.6125,12.816666666666668,118.83333333333333,0.54875,48.0,2.1062499999999997,109.375,66.04166666666667
2025-05-07,55.770833333333336,37.300000000000004,545.0833333333334,13.1,9.445833333333333,129.375,0.5145833333333333,37.083333333333336,2.183333333333333,119.16666666666667,71.91666666666667
2025-05-08,45.72083333333333,27.979166666666668,416.125,11.270833333333334,7.204166666666667,118.625,0.3641666666666667,35.125,2.341666666666667,100.66666666666667,66.16666666666667
2025-05-09,40.391666666666666,29.025000000000002,422.5,14.674999999999999,8.558333333333334,116.91666666666667,0.3075,22.416666666666668,2.4833333333333334,96.625,63.5
2025-05-10,38.983333333333334,30.425,580.875,22.45,10.875,106.16666666666667,0.42583333333333334,16.791666666666668,2.3833333333333333,100.66666666666667,64.5
2025-05-11,45.31666666666666,33.358333333333334,539.75,19.679166666666667,9.316666666666666,110.04166666666667,0.5658333333333333,24.0,2.3604166666666666,107.20833333333333,66.625
2025-05-12,63.862500000000004,46.7125,387.875,15.904166666666667,9.745833333333334,118.16666666666667,0.8516666666666667,34.125,1.8791666666666667,113.66666666666667,70.33333333333333
2025-05-13,61.35,51.30416666666667,400.7083333333333,18.95,10.879166666666668,119.125,0.8758333333333334,20.25,1.9375,139.875,79.125
2025-05-14,52.77916666666667,46.4375,448.4583333333333,17.599999999999998,9.895833333333334,124.75,0.9049999999999999,12.375,2.0791666666666666,142.75,79.875
2025-05-15,57.5875,53.39166666666667,450.9583333333333,25.724999999999998,11.987499999999999,113.0,0.9979166666666667,8.291666666666666,1.7166666666666668,136.45833333333334,79.41666666666667
2025-05-16,33.90416666666667,32.604166666666664,531.1666666666666,16.75,11.008333333333333,129.16666666666666,0.7466666666666667,2.5,1.9479166666666667,140.0,75.375
2025-05-17,27.2,26.325,438.0,13.004166666666668,8.929166666666667,126.04166666666667,0.6979166666666666,1.7916666666666667,1.6270833333333332,109.54166666666667,65.20833333333333
2025-05-18,36.483333333333334,35.0375,424.75,11.891666666666666,10.2875,132.16666666666666,0.8312499999999999,2.75,1.5999999999999999,110.29166666666667,65.41666666666667
2025-05-19,27.358333333333334,25.129166666666666,378.0833333333333,10.745833333333332,6.866666666666667,91.70833333333333,0.47374999999999995,4.083333333333333,1.9791666666666667,99.33333333333333,67.95833333333333
2025-05-20,19.966666666666665,17.645833333333332,295.5,13.737499999999999,7.083333333333333,76.125,0.38208333333333333,4.333333333333333,2.1583333333333337,64.375,43.916666666666664
2025-05-21,12.695833333333333,12.362499999999999,443.4583333333333,14.270833333333334,7.404166666666666,69.08333333333333,0.29125,0.4583333333333333,0.9229166666666666,57.416666666666664,32.791666666666664
2025-05-22,11.416666666666666,9.708333333333334,503.1666666666667,10.708333333333334,6.1625000000000005,66.33333333333333,0.21,2.9166666666666665,2.2958333333333334,43.5,27.875
2025-05-23,12.737499999999999,9.783333333333333,355.9166666666667,11.733333333333334,8.237499999999999,54.833333333333336,0.18500000000000003,4.791666666666667,1.9375,39.791666666666664,24.666666666666668
2025-05-24,10.5,9.658333333333333,371.1666666666667,10.479166666666666,6.458333333333333,72.625,0.17625000000000002,1.1666666666666667,2.18125,43.416666666666664,31.208333333333332
2025-05-25,6.7375,6.479166666666667,356.75,9.204166666666667,6.375,69.33333333333333,0.19666666666666666,0.2916666666666667,1.8645833333333333,39.25,28.416666666666668
2025-05-26,17.979166666666668,17.354166666666668,516.5416666666666,8.404166666666667,6.520833333333333,104.20833333333333,0.36375,1.0,1.8083333333333333,58.125,43.416666666666664
2025-05-27,19.683333333333334,19.366666666666667,456.9583333333333,7.616666666666667,4.920833333333333,102.20833333333333,0.54125,0.4166666666666667,1.9895833333333333,71.375,46.041666666666664
2025-05-28,25.945833333333336,22.008333333333336,426.0,9.8375,6.95,92.45833333333333,0.57375,7.75,0.9770833333333333,67.25,46.166666666666664
2025-05-29,37.0375,25.004166666666666,402.4583333333333,9.066666666666666,6.270833333333333,75.04166666666667,0.785,23.791666666666668,0.5270833333333333,72.54166666666667,50.333333333333336
2025-05-30,45.59583333333333,22.425,355.6666666666667,7.370833333333334,4.654166666666667,77.25,0.6725,45.25,2.189583333333333,77.33333333333333,58.041666666666664
2025-05-31,46.300000000000004,21.391666666666666,320.125,7.566666666666666,4.170833333333333,80.95833333333333,0.42333333333333334,47.25,2.6062499999999997,72.125,56.083333333333336
2025-06-01,36.5875,16.708333333333332,257.6666666666667,7.1375,3.9,67.95833333333333,0.45916666666666667,37.666666666666664,2.5104166666666665,65.95833333333333,44.541666666666664
2025-06-02,25.325,13.608333333333334,264.0416666666667,6.654166666666666,3.6041666666666665,66.25,0.29375,20.75,2.5520833333333335,54.125,32.75
2025-06-03,36.025,17.441666666666666,306.5416666666667,8.433333333333334,4.175,68.58333333333333,0.35791666666666666,35.708333333333336,2.3604166666666666,57.625,33.375
2025-06-04,43.93333333333334,19.575,290.125,7.3875,4.3500000000000005,74.375,0.38666666666666666,46.583333333333336,2.4270833333333335,66.79166666666667,46.625
2025-06-05,26.958333333333332,15.262500000000001,430.2083333333333,11.016666666666667,5.616666666666667,83.54166666666667,0.30833333333333335,21.125,2.11875,60.916666666666664,42.75
2025-06-06,38.920833333333334,25.891666666666666,511.25,20.325,9.15,85.5,0.3566666666666667,25.333333333333332,2.402083333333333,67.41666666666667,44.708333333333336
2025-06-07,61.854166666666664,39.72083333333333,443.875,14.475,10.345833333333333,102.95833333333333,0.64,44.333333333333336,2.1333333333333333,99.0,67.79166666666667
2025-06-08,72.69166666666668,44.7875,367.9166666666667,10.054166666666667,9.270833333333334,107.54166666666667,0.8966666666666666,56.75,1.3499999999999999,119.70833333333333,74.70833333333333
2025-06-09,53.145833333333336,35.30416666666667,409.0833333333333,11.108333333333334,9.591666666666667,93.41666666666667,0.7591666666666667,35.541666666666664,0.7770833333333335,113.41666666666667,72.79166666666667
2025-06-10,46.975,28.933333333333334,326.9583333333333,8.595833333333333,9.258333333333333,97.5,0.8725,36.208333333333336,1.6083333333333334,91.08333333333333,65.04166666666667
2025-06-11,49.4,33.05416666666667,388.1666666666667,12.108333333333334,9.566666666666666,92.54166666666667,1.0875000000000001,33.041666666666664,0.64375,88.375,64.0
2025-06-12,48.2125,38.3375,459.875,13.075000000000001,7.991666666666667,118.95833333333333,0.7970833333333333,19.5,1.6833333333333333,103.58333333333333,67.0
2025-06-13,63.19166666666666,54.78333333333333,504.8333333333333,22.454166666666666,11.529166666666667,97.5,0.8570833333333333,17.25,1.64375,137.16666666666666,80.41666666666667
2025-06-14,18.625,17.275000000000002,322.2916666666667,10.979166666666666,7.3374999999999995,75.54166666666667,0.39083333333333337,2.625,2.189583333333333,108.20833333333333,69.83333333333333
2025-06-15,8.433333333333334,7.583333333333333,258.125,7.654166666666666,6.404166666666666,67.58333333333333,0.21708333333333332,1.4166666666666667,2.158333333333333,43.166666666666664,30.041666666666668
2025-06-16,6.0375000000000005,4.858333333333333,216.08333333333334,6.845833333333334,5.345833333333334,62.875,0.15291666666666667,1.9583333333333333,1.6145833333333333,31.375,25.208333333333332
2025-06-17,16.841666666666665,9.0,225.70833333333334,6.158333333333334,3.8375,62.041666666666664,0.3175,13.916666666666666,1.3166666666666667,28.541666666666668,24.791666666666668
2025-06-18,16.5125,8.608333333333333,222.66666666666666,5.270833333333333,3.2624999999999997,61.458333333333336,0.33958333333333335,14.0,1.8791666666666667,40.083333333333336,25.208333333333332
2025-06-19,13.279166666666667,7.6000000000000005,218.04166666666666,5.620833333333334,3.2624999999999997,58.5,0.34791666666666665,10.333333333333334,1.1583333333333334,33.25,23.416666666666668
2025-06-20,13.183333333333332,7.858333333333333,222.41666666666666,5.2125,2.841666666666667,61.916666666666664,0.36541666666666667,9.916666666666666,2.1770833333333335,32.875,24.708333333333332
2025-06-21,18.879166666666666,9.825000000000001,213.41666666666666,5.375,2.8791666666666664,60.333333333333336,0.4070833333333333,17.25,2.0875,35.666666666666664,24.25
2025-06-22,20.566666666666666,10.604166666666666,206.20833333333334,5.391666666666667,3.1166666666666667,61.958333333333336,0.48500000000000004,18.958333333333332,2.1041666666666665,43.625,26.125
2025-06-23,19.208333333333332,9.445833333333333,210.04166666666666,5.5125,2.983333333333333,53.625,0.48541666666666666,19.166666666666668,1.4020833333333333,42.25,23.583333333333332
2025-06-24,11.929166666666667,6.991666666666667,232.0,5.875,3.0708333333333333,49.541666666666664,0.3383333333333334,9.125,1.3541666666666667,37.875,21.666666666666668
2025-06-25,19.458333333333332,9.275,263.6666666666667,6.241666666666667,3.595833333333333,52.916666666666664,0.425,20.083333333333332,1.5916666666666668,28.791666666666668,21.125
2025-06-26,25.954166666666666,10.216666666666667,249.79166666666666,5.508333333333333,3.1750000000000003,56.75,0.43124999999999997,30.0,2.11875,41.458333333333336,24.958333333333332
2025-06-27,24.945833333333336,10.354166666666666,234.125,5.379166666666666,3.6625,59.75,0.5425,27.291666666666668,2.0416666666666665,41.458333333333336,28.125
2025-06-28,21.770833333333332,10.737499999999999,228.58333333333334,5.679166666666667,3.1458333333333335,61.25,0.5870833333333333,20.0,1.7708333333333333,44.541666666666664,27.708333333333332
2025-06-29,20.295833333333334,10.033333333333333,205.79166666666666,5.3999999999999995,2.9166666666666665,62.375,0.5041666666666667,20.083333333333332,1.9208333333333334,45.041666666666664,26.625
2025-06-30,14.8125,8.620833333333334,278.8333333333333,7.129166666666666,3.279166666666667,47.541666666666664,0.3745833333333333,12.333333333333334,1.3062500000000001,39.625,20.583333333333332
2025-07-01,13.1,7.3999999999999995,260.0,6.083333333333333,3.0833333333333335,53.208333333333336,0.315,10.25,1.3083333333333333,35.083333333333336,21.625
2025-07-02,7.791666666666667,6.020833333333333,277.625,8.012500000000001,3.716666666666667,42.875,0.315,3.0833333333333335,0.6354166666666666,26.333333333333332,17.083333333333332
2025-07-03,7.7375,5.2625,278.625,6.5125,3.5041666666666664,46.208333333333336,0.31416666666666665,4.666666666666667,0.9812500000000001,24.916666666666668,18.583333333333332
2025-07-04,9.666666666666666,6.158333333333334,220.66666666666666,5.875,3.3208333333333333,50.75,0.34375,5.625,1.6125,25.125,20.375
2025-07-05,14.204166666666666,7.329166666666667,226.0,4.708333333333333,2.670833333333333,57.5,0.34958333333333336,12.25,2.1229166666666663,28.416666666666668,23.041666666666668
2025-07-06,24.354166666666668,9.654166666666667,234.625,4.4624999999999995,2.5541666666666667,60.541666666666664,0.56875,28.166666666666668,1.9604166666666665,36.375,24.583333333333332
2025-07-07,21.095833333333335,10.841666666666667,226.95833333333334,6.779166666666666,3.6333333333333333,50.75,0.40958333333333335,19.041666666666668,0.8958333333333334,39.875,23.916666666666668
2025-07-08,24.066666666666666,11.704166666666666,206.875,5.825,3.4291666666666667,56.291666666666664,0.48875,23.041666666666668,2.095833333333333,51.208333333333336,27.083333333333332
2025-07-09,28.7625,12.387500000000001,243.16666666666666,6.483333333333333,3.6999999999999997,54.75,0.5345833333333333,33.5,1.8833333333333335,44.083333333333336,25.458333333333332
2025-07-10,69.925,29.162499999999998,318.625,11.4,5.633333333333333,57.958333333333336,0.6441666666666667,79.79166666666667,1.8625,60.75,42.916666666666664
2025-07-11,67.6125,30.65416666666667,316.25,13.004166666666668,6.141666666666667,57.666666666666664,0.6775000000000001,72.0,1.8625,102.91666666666667,73.20833333333333
2025-07-12,31.425,15.870833333333332,254.95833333333334,8.2125,4.6000000000000005,62.916666666666664,0.41208333333333336,29.666666666666668,2.30625,70.375,50.916666666666664
2025-07-13,23.55,12.070833333333333,254.08333333333334,6.5625,3.7125,57.833333333333336,0.4558333333333333,22.125,1.7270833333333335,55.208333333333336,29.583333333333332
2025-07-14,18.558333333333334,9.575000000000001,221.83333333333334,5.991666666666667,3.279166666666667,56.666666666666664,0.36125,17.083333333333332,2.04375,43.291666666666664,24.833333333333332
2025-07-15,9.575000000000001,7.654166666666666,221.20833333333334,6.654166666666666,3.3666666666666667,51.875,0.22583333333333333,3.3333333333333335,1.9270833333333333,33.75,21.666666666666668
2025-07-16,15.479166666666666,10.025,278.2083333333333,10.549999999999999,4.579166666666667,50.541666666666664,0.24083333333333334,10.375,1.3729166666666668,33.5,21.083333333333332
2025-07-17,34.75,20.170833333333334,372.125,11.875,5.766666666666667,65.75,0.49374999999999997,27.75,1.8499999999999999,56.166666666666664,32.625
2025-07-18,22.47083333333333,16.241666666666667,452.2916666666667,11.0625,5.7124999999999995,68.41666666666667,0.435,12.5,1.6375,67.45833333333333,41.708333333333336
2025-07-19,24.9375,17.891666666666666,531.7083333333334,12.0625,6.5375000000000005,71.54166666666667,0.34833333333333333,14.041666666666666,1.4625000000000001,54.916666666666664,34.166666666666664
2025-07-20,36.775,20.962500000000002,414.625,14.433333333333332,7.216666666666666,49.75,0.44875,30.25,1.6791666666666665,66.95833333333333,40.333333333333336
2025-07-21,16.641666666666666,12.295833333333334,410.5,11.7875,5.920833333333333,50.5,0.40166666666666667,8.208333333333334,1.0374999999999999,63.541666666666664,37.083333333333336
2025-07-22,8.404166666666667,7.1625000000000005,293.0416666666667,7.608333333333333,4.5375000000000005,58.25,0.42,2.4166666666666665,1.1145833333333333,38.583333333333336,23.75
2025-07-23,4.720833333333333,4.558333333333334,299.625,6.8625,3.7375000000000003,54.333333333333336,0.23,0.2916666666666667,0.9187500000000001,28.708333333333332,21.708333333333332
2025-07-24,5.925,5.183333333333333,298.9166666666667,8.241666666666667,4.091666666666667,46.041666666666664,0.19000000000000003,1.0833333333333333,0.7604166666666666,21.708333333333332,18.375
2025-07-25,6.2749999999999995,5.429166666666667,278.1666666666667,7.970833333333334,3.5541666666666667,47.041666666666664,0.14916666666666667,1.3333333333333333,0.6375,24.125,18.875
2025-07-26,4.504166666666666,3.8625000000000003,238.75,6.583333333333333,3.2125,48.333333333333336,0.11625,1.0,1.1666666666666667,22.583333333333332,19.416666666666668
2025-07-27,11.429166666666667,6.283333333333334,206.875,4.608333333333333,2.533333333333333,53.541666666666664,0.35375,8.625,1.9312500000000001,24.208333333333332,21.375
2025-07-28,13.054166666666667,7.091666666666666,220.70833333333334,4.816666666666666,2.6875,52.791666666666664,0.48291666666666666,10.625,1.7270833333333335,29.708333333333332,21.083333333333332
2025-07-29,12.458333333333334,6.7375,216.70833333333334,5.0249999999999995,2.858333333333333,52.458333333333336,0.41583333333333333,9.625,2.05625,29.875,20.958333333333332
2025-07-30,17.0625,8.875,222.875,6.2875000000000005,3.3249999999999997,47.708333333333336,0.3541666666666667,15.666666666666666,1.4833333333333334,29.291666666666668,19.166666666666668
2025-07-31,18.866666666666667,10.216666666666667,265.25,6.516666666666667,3.5875,55.083333333333336,0.43291666666666667,16.333333333333332,1.9895833333333333,43.041666666666664,23.583333333333332
2025-08-01,24.787499999999998,12.920833333333334,392.25,8.4375,4.125,52.5,0.42375,21.916666666666668,1.78125,43.541666666666664,23.875
2025-08-02,37.61666666666667,21.34166666666667,616.125,12.904166666666667,6.5249999999999995,52.125,0.45625,29.541666666666668,2.125,58.75,32.666666666666664
2025-08-03,29.954166666666666,19.479166666666668,497.625,13.429166666666667,6.241666666666667,63.833333333333336,0.405,19.708333333333332,1.9437499999999999,71.91666666666667,49.041666666666664
2025-08-04,50.145833333333336,35.829166666666666,738.8333333333334,26.104166666666668,11.75,61.125,0.5266666666666667,27.333333333333332,1.6958333333333335,82.45833333333333,58.375
2025-08-05,52.824999999999996,40.9625,745.9166666666666,19.858333333333334,11.354166666666666,79.125,0.6329166666666667,23.458333333333332,1.96875,107.0,70.58333333333333
2025-08-06,37.670833333333334,30.40416666666667,596.625,16.120833333333334,7.604166666666667,68.79166666666667,0.5766666666666667,14.25,1.8229166666666667,102.45833333333333,68.95833333333333
2025-08-07,39.53333333333333,34.92916666666667,749.375,24.816666666666666,12.125,62.166666666666664,0.5125000000000001,9.166666666666666,1.8812499999999999,102.33333333333333,69.08333333333333
2025-08-08,23.829166666666666,23.27916666666667,608.375,17.608333333333334,8.441666666666666,63.0,0.38958333333333334,0.875,1.5708333333333335,75.66666666666667,51.166666666666664
2025-08-09,20.025000000000002,19.4375,582.6666666666666,16.666666666666668,7.9125000000000005,67.25,0.375,1.1666666666666667,1.8979166666666665,73.125,52.0
2025-08-10,21.054166666666667,18.849999999999998,477.4583333333333,13.025,7.033333333333334,60.333333333333336,0.4479166666666667,4.416666666666667,1.075,61.375,35.041666666666664
2025-08-11,17.712500000000002,13.691666666666668,360.5,7.754166666666666,4.545833333333333,67.08333333333333,0.40458333333333335,7.833333333333333,1.8291666666666666,61.458333333333336,35.25
2025-08-12,18.770833333333332,14.679166666666667,387.625,7.783333333333334,5.129166666666666,60.625,0.4875,7.833333333333333,1.39375,53.458333333333336,28.583333333333332
2025-08-13,16.620833333333334,14.216666666666667,344.25,11.545833333333334,6.529166666666666,44.625,0.3254166666666667,4.625,0.6208333333333333,57.416666666666664,30.916666666666668
2025-08-14,7.8125,7.229166666666667,323.75,8.020833333333334,4.904166666666667,51.166666666666664,0.24958333333333335,1.125,1.0979166666666667,45.25,23.791666666666668
2025-08-15,8.166666666666666,7.483333333333333,305.2083333333333,7.866666666666667,4.2125,52.333333333333336,0.27625,1.4166666666666667,1.2437500000000001,27.0,20.875
2025-08-16,6.9125000000000005,6.154166666666666,302.5833333333333,6.929166666666667,4.458333333333333,56.75,0.23166666666666666,1.4583333333333333,1.1958333333333333,32.666666666666664,22.791666666666668
2025-08-17,7.391666666666667,5.4875,316.0,6.541666666666667,3.5875,44.833333333333336,0.23750000000000002,3.6666666666666665,1.1520833333333333,25.791666666666668,17.916666666666668
2025-08-18,3.7541666666666664,3.533333333333333,252.0,6.354166666666667,3.4416666666666664,44.875,0.10333333333333333,0.3333333333333333,1.0854166666666667,21.75,17.958333333333332
2025-08-19,3.6791666666666667,3.4416666666666664,229.5,5.558333333333334,2.8375,51.541666666666664,0.08458333333333334,0.4583333333333333,1.2104166666666667,23.375,20.625
2025-08-20,6.4375,5.045833333333333,262.0416666666667,5.6000000000000005,3.283333333333333,52.625,0.14083333333333334,2.4166666666666665,1.6020833333333335,24.458333333333332,21.0
2025-08-21,14.3375,9.079166666666667,270.2083333333333,6.495833333333334,3.266666666666667,51.375,0.27875,9.916666666666666,2.002083333333333,29.5,20.5
2025-08-22,20.537499999999998,12.9,302.9583333333333,7.366666666666666,3.725,44.541666666666664,0.3520833333333333,13.875,1.6979166666666667,46.708333333333336,22.583333333333332
2025-08-23,13.808333333333332,10.104166666666666,269.5833333333333,6.458333333333333,3.391666666666666,52.041666666666664,0.2704166666666667,6.208333333333333,2.4479166666666665,48.958333333333336,25.625
2025-08-24,10.620833333333334,8.275,253.45833333333334,6.879166666666666,3.275,47.0,0.25125000000000003,3.75,1.8291666666666666,37.375,20.416666666666668
2025-08-25,13.020833333333334,9.549999999999999,254.04166666666666,7.241666666666667,3.591666666666667,50.75,0.23708333333333334,5.5,2.1020833333333333,35.916666666666664,21.041666666666668
2025-08-26,10.029166666666667,8.770833333333334,320.0416666666667,7.645833333333333,3.8333333333333335,44.916666666666664,0.2558333333333333,1.9166666666666667,1.2520833333333334,38.0,20.0
2025-08-27,12.058333333333332,9.054166666666667,380.625,8.754166666666666,4.704166666666667,47.333333333333336,0.3125,5.916666666666667,1.1395833333333334,35.625,20.083333333333332
2025-08-28,9.466666666666667,8.345833333333333,313.125,8.445833333333333,4.891666666666667,56.375,0.22541666666666668,2.375,1.4229166666666666,40.333333333333336,23.541666666666668
2025-08-29,16.204166666666666,10.166666666666666,299.5833333333333,6.441666666666666,4.0125,60.333333333333336,0.2808333333333333,11.791666666666666,2.09375,37.5,24.375
2025-08-30,13.041666666666666,8.920833333333333,312.625,8.025,4.070833333333334,52.708333333333336,0.2304166666666667,8.208333333333334,2.0770833333333334,36.083333333333336,22.833333333333332
2025-08-31,19.3125,11.233333333333334,285.625,7.070833333333333,3.733333333333333,55.875,0.3179166666666667,14.958333333333334,1.6208333333333333,43.5,23.416666666666668
2025-09-01,13.983333333333334,8.791666666666666,351.875,6.891666666666667,3.9375,50.541666666666664,0.3675,9.958333333333334,1.3416666666666668,43.416666666666664,22.75
2025-09-02,15.625,10.545833333333333,321.2916666666667,7.8625,4.058333333333334,50.958333333333336,0.33208333333333334,10.375,1.0291666666666666,38.0,21.541666666666668
2025-09-03,26.575,15.608333333333334,318.9583333333333,8.504166666666666,4.6625000000000005,63.333333333333336,0.5133333333333333,21.333333333333332,1.2479166666666666,48.208333333333336,27.291666666666668
2025-09-04,27.883333333333336,15.954166666666666,345.3333333333333,9.383333333333333,4.666666666666667,55.583333333333336,0.45999999999999996,22.833333333333332,1.95625,62.916666666666664,36.041666666666664
2025-09-05,18.491666666666667,11.745833333333332,313.4166666666667,9.545833333333333,4.4,50.708333333333336,0.3204166666666667,12.458333333333334,1.9791666666666667,52.625,27.833333333333332
2025-09-06,20.945833333333333,13.616666666666667,374.2083333333333,9.704166666666667,4.5249999999999995,52.791666666666664,0.31333333333333335,13.75,2.122916666666667,50.166666666666664,25.958333333333332
2025-09-07,30.729166666666668,18.787499999999998,366.5833333333333,12.679166666666667,5.779166666666666,52.416666666666664,0.3833333333333333,22.291666666666668,2.2708333333333335,59.083333333333336,32.791666666666664
2025-09-08,21.349999999999998,15.625,420.7083333333333,12.620833333333332,5.9375,56.5,0.31875000000000003,10.916666666666666,2.275,61.791666666666664,35.583333333333336
2025-09-09,27.458333333333332,21.995833333333334,467.5833333333333,19.5625,9.295833333333333,64.25,0.34375,10.5,2.129166666666667,61.208333333333336,39.458333333333336
2025-09-10,28.066666666666666,25.90833333333333,448.5416666666667,20.974999999999998,10.183333333333334,62.25,0.43875,4.25,1.3583333333333334,83.375,61.333333333333336
2025-09-11,30.59166666666667,25.90416666666667,360.6666666666667,9.233333333333333,7.95,77.125,0.6475000000000001,9.0,0.7875,72.58333333333333,50.333333333333336
2025-09-12,36.32083333333333,30.400000000000002,434.75,10.991666666666667,8.512500000000001,77.54166666666667,0.72625,11.791666666666666,0.8895833333333334,88.54166666666667,64.125
2025-09-13,26.7375,25.1125,582.4583333333334,10.15,7.095833333333334,84.16666666666667,0.8354166666666667,3.25,1.0625,81.95833333333333,61.5
2025-09-14,12.204166666666667,11.958333333333334,537.5,10.079166666666667,4.995833333333334,72.625,0.3325,0.375,1.1291666666666667,64.08333333333333,41.583333333333336
2025-09-15,12.137500000000001,11.954166666666666,399.5416666666667,11.016666666666666,5.020833333333333,64.0,0.36874999999999997,0.16666666666666666,1.03125,51.083333333333336,27.333333333333332
2025-09-16,17.033333333333335,16.766666666666666,647.6666666666666,13.670833333333334,6.091666666666666,68.16666666666667,0.4054166666666667,0.25,1.2979166666666666,53.541666666666664,32.208333333333336
2025-09-17,19.8625,19.620833333333334,634.5416666666666,14.775,7.033333333333334,79.08333333333333,0.4116666666666667,0.3333333333333333,1.6791666666666665,64.20833333333333,41.916666666666664
2025-09-18,15.566666666666668,15.341666666666667,459.5833333333333,11.987499999999999,7.941666666666666,78.25,0.3020833333333333,0.125,1.8333333333333333,61.25,38.708333333333336
2025-09-19,14.862499999999999,14.654166666666667,449.7916666666667,11.754166666666668,6.458333333333333,70.29166666666667,0.3066666666666667,0.041666666666666664,2.060416666666667,56.375,33.791666666666664
2025-09-20,15.270833333333334,15.237499999999999,436.5416666666667,10.595833333333333,5.466666666666666,77.0,0.36874999999999997,0.0,1.9020833333333333,55.916666666666664,35.958333333333336
2025-09-21,19.474999999999998,19.354166666666668,480.3333333333333,10.200000000000001,7.029166666666666,80.70833333333333,0.44375000000000003,0.0,1.7583333333333335,61.166666666666664,39.666666666666664
2025-09-22,17.537499999999998,17.195833333333333,472.25,10.641666666666667,6.570833333333333,74.5,0.4595833333333333,0.625,1.1854166666666666,61.458333333333336,38.875
2025-09-23,15.804166666666667,14.924999999999999,381.875,10.154166666666667,8.008333333333333,69.875,0.5166666666666667,1.7083333333333333,0.6333333333333333,60.791666666666664,35.541666666666664
2025-09-24,24.008333333333336,21.5125,342.7916666666667,7.895833333333333,6.875,75.875,0.5779166666666666,4.708333333333333,1.6187500000000001,61.208333333333336,37.416666666666664
2025-09-25,15.908333333333333,14.799999999999999,330.1666666666667,7.833333333333333,7.520833333333333,66.79166666666667,0.3875,2.0,1.3270833333333332,68.04166666666667,43.666666666666664
2025-09-26,13.054166666666667,12.4625,453.3333333333333,10.6875,6.683333333333334,65.83333333333333,0.42333333333333334,1.25,0.6270833333333333,50.458333333333336,28.041666666666668
2025-09-27,8.058333333333334,7.883333333333333,433.9166666666667,8.575000000000001,6.1499999999999995,68.95833333333333,0.30791666666666667,0.5,0.7666666666666666,46.208333333333336,28.25
2025-09-28,8.0625,7.466666666666666,335.5416666666667,6.7250000000000005,4.129166666666666,60.541666666666664,0.235,1.125,1.21875,30.416666666666668,24.208333333333332
2025-09-29,10.108333333333333,9.320833333333333,379.2916666666667,7.670833333333333,4.416666666666667,59.458333333333336,0.23791666666666667,1.5416666666666667,2.0395833333333333,36.833333333333336,23.833333333333332
2025-09-30,12.595833333333333,9.929166666666667,404.4166666666667,8.137500000000001,4.483333333333333,55.0,0.205,4.541666666666667,2.0875,38.958333333333336,22.708333333333332
2025-10-01,11.625,9.316666666666666,403.125,8.229166666666666,4.745833333333334,52.208333333333336,0.2654166666666667,3.7083333333333335,1.6833333333333333,39.791666666666664,22.125
2025-10-02,11.666666666666666,9.674999999999999,409.4166666666667,9.6,5.420833333333333,46.0,0.27958333333333335,2.875,1.3,40.208333333333336,20.875
2025-10-03,14.308333333333332,11.416666666666666,417.625,9.375,5.595833333333334,54.25,0.285,4.166666666666667,1.9229166666666666,45.25,24.958333333333332
2025-10-04,12.079166666666666,11.345833333333333,416.125,11.341666666666667,6.3625,56.208333333333336,0.26916666666666667,0.5416666666666666,1.6958333333333335,44.166666666666664,26.125
2025-10-05,21.625,20.6875,430.7916666666667,17.595833333333335,8.8125,53.958333333333336,0.37958333333333333,1.4583333333333333,1.14375,56.416666666666664,32.458333333333336
2025-10-06,13.895833333333334,13.370833333333332,395.3333333333333,11.208333333333334,5.716666666666666,70.33333333333333,0.2866666666666667,0.9583333333333334,1.6791666666666665,65.70833333333333,40.916666666666664
2025-10-07,23.5,19.454166666666666,711.2916666666666,12.625,8.670833333333333,71.33333333333333,0.41041666666666665,7.625,1.2562499999999999,54.041666666666664,33.75
2025-10-08,35.166666666666664,31.27916666666667,746.125,16.233333333333334,11.137500000000001,78.95833333333333,0.53125,7.166666666666667,1.4604166666666665,79.5,57.208333333333336
2025-10-09,47.699999999999996,38.9375,585.875,20.724999999999998,15.375,78.75,0.57375,16.75,1.3125,99.5,68.08333333333333
2025-10-10,54.583333333333336,38.9375,452.3333333333333,19.404166666666665,13.991666666666667,83.79166666666667,0.3425,31.25,2.1625,114.70833333333333,73.0
2025-10-11,45.75416666666666,35.329166666666666,403.4583333333333,14.533333333333333,12.487499999999999,91.75,0.3179166666666667,20.541666666666668,1.9104166666666667,99.91666666666667,68.0
2025-10-12,49.14166666666667,44.958333333333336,402.6666666666667,17.95416666666667,13.725,91.20833333333333,0.5620833333333334,8.25,1.64375,109.16666666666667,71.33333333333333
2025-10-13,53.50833333333333,51.75833333333333,483.9583333333333,16.641666666666666,15.791666666666666,88.29166666666667,0.88375,3.5,0.9500000000000001,137.16666666666666,80.20833333333333
2025-10-14,28.666666666666668,28.40833333333333,414.7916666666667,10.4125,10.2125,80.41666666666667,0.5095833333333334,0.4166666666666667,1.60625,116.54166666666667,73.58333333333333
2025-10-15,23.25,22.679166666666664,326.5416666666667,10.658333333333333,7.754166666666666,74.54166666666667,0.2916666666666667,0.5833333333333334,1.9312500000000001,72.04166666666667,49.833333333333336
2025-10-16,36.46666666666666,35.1875,466.4583333333333,11.6625,12.275,95.79166666666667,0.3970833333333333,2.25,2.1416666666666666,87.58333333333333,62.708333333333336
2025-10-17,47.324999999999996,45.6625,478.0,13.316666666666668,14.4625,97.41666666666667,0.5883333333333333,3.0,1.7416666666666665,110.875,71.83333333333333
2025-10-18,57.65833333333333,55.36666666666667,482.75,13.883333333333333,15.862499999999999,101.5,0.6820833333333334,4.0,1.6958333333333335,138.41666666666666,80.625
2025-10-19,47.637499999999996,44.645833333333336,407.7083333333333,9.904166666666667,10.808333333333332,91.25,0.6716666666666667,5.916666666666667,1.4770833333333335,144.33333333333334,82.625
2025-10-20,15.612499999999999,15.2875,307.5,8.591666666666667,8.608333333333333,59.041666666666664,0.23583333333333334,0.041666666666666664,2.066666666666667,85.0,56.583333333333336
2025-10-21,12.758333333333333,12.545833333333334,302.0,7.404166666666666,7.1000000000000005,60.25,0.18125,0.0,1.76875,53.5,28.416666666666668
2025-10-22,10.4,10.229166666666666,281.5,7.0375000000000005,7.425,70.16666666666667,0.17208333333333334,0.0,1.6229166666666668,44.791666666666664,28.625
2025-10-23,6.370833333333334,6.3125,271.125,7.516666666666667,5.9750000000000005,56.5,0.10833333333333334,0.0,0.9583333333333334,35.791666666666664,22.75
2025-10-24,8.079166666666667,7.970833333333334,363.0833333333333,8.854166666666666,6.445833333333333,47.208333333333336,0.14833333333333334,0.0,1.13125,25.958333333333332,18.916666666666668
2025-10-25,8.762500000000001,8.695833333333333,511.9583333333333,10.258333333333333,5.804166666666667,45.958333333333336,0.14833333333333334,0.0,0.81875,30.791666666666668,19.541666666666668
2025-10-26,12.333333333333334,12.120833333333332,564.0416666666666,8.908333333333333,5.041666666666667,62.875,0.19000000000000003,0.0,1.6041666666666667,44.583333333333336,25.833333333333332
2025-10-27,23.120833333333334,22.5125,818.1666666666666,14.629166666666668,9.420833333333333,70.70833333333333,0.2091666666666667,0.0,1.3895833333333334,65.70833333333333,41.916666666666664
2025-10-28,10.9,10.8375,474.0833333333333,10.125,8.325000000000001,63.125,0.21083333333333334,0.0,0.6437499999999999,58.083333333333336,33.041666666666664
2025-10-29,15.404166666666667,14.983333333333334,427.2083333333333,7.7,6.320833333333333,66.04166666666667,0.25458333333333333,0.4583333333333333,0.24791666666666667,44.375,26.416666666666668
2025-10-30,14.320833333333333,13.591666666666667,480.0416666666667,8.158333333333333,4.958333333333333,70.16666666666667,0.21250000000000002,0.5833333333333334,1.1354166666666667,56.583333333333336,31.791666666666668
2025-10-31,17.916666666666668,16.316666666666666,474.2916666666667,10.7875,6.391666666666667,60.0,0.1775,1.875,1.4541666666666666,55.875,30.625
2025-11-01,18.400000000000002,17.358333333333334,844.7916666666666,13.045833333333334,9.029166666666667,62.166666666666664,0.20666666666666667,0.9583333333333334,1.4270833333333333,60.125,34.25
2025-11-02,15.683333333333332,15.200000000000001,617.6666666666666,13.679166666666667,7.866666666666667,62.5,0.2525,0.16666666666666666,1.0666666666666667,63.25,37.083333333333336
2025-11-03,21.191666666666666,20.808333333333334,650.7916666666666,12.65,7.533333333333334,72.54166666666667,0.3575,0.0,1.0041666666666667,58.5,37.625
2025-11-04,19.604166666666668,19.366666666666667,575.4166666666666,13.904166666666667,8.216666666666667,71.20833333333333,0.3520833333333333,0.0,1.33125,67.45833333333333,42.833333333333336
2025-11-05,27.900000000000002,27.25,602.1666666666666,19.525000000000002,11.9375,71.375,0.3745833333333333,0.5,1.4833333333333334,75.25,53.916666666666664
2025-11-06,35.19166666666667,34.28333333333333,554.5,24.6875,13.950000000000001,68.875,0.4925,1.25,1.3812499999999999,91.95833333333333,65.29166666666667
2025-11-07,34.237500000000004,32.5875,424.1666666666667,19.916666666666668,13.9375,85.25,0.35708333333333336,3.125,1.7083333333333333,96.04166666666667,66.79166666666667
2025-11-08,31.724999999999998,30.954166666666666,441.5,22.520833333333332,13.775,89.125,0.2791666666666667,1.4583333333333333,1.7375,91.91666666666667,64.41666666666667
2025-11-09,48.074999999999996,45.1875,510.2083333333333,24.0625,17.0625,95.25,0.3870833333333333,5.5,1.7395833333333333,107.91666666666667,70.0
2025-11-10,63.39166666666667,58.4625,680.75,25.766666666666666,21.77916666666667,112.91666666666667,0.4066666666666667,9.166666666666666,1.6437499999999998,143.0,82.41666666666667
2025-11-11,55.22083333333333,53.15833333333333,627.4583333333334,22.758333333333336,22.166666666666668,106.04166666666667,0.5129166666666667,3.8333333333333335,1.4708333333333332,151.45833333333334,86.625
2025-11-12,51.13333333333333,49.112500000000004,525.7916666666666,17.216666666666665,22.079166666666666,115.66666666666667,0.38833333333333336,3.5833333333333335,1.7104166666666665,134.08333333333334,78.83333333333333
2025-11-13,49.39166666666667,46.30416666666667,510.5416666666667,17.645833333333332,21.679166666666664,118.70833333333333,0.24916666666666668,5.708333333333333,1.7833333333333332,136.58333333333334,79.79166666666667
2025-11-14,50.75,46.90416666666667,581.5416666666666,17.325,21.34583333333333,116.41666666666667,0.21583333333333332,7.0,1.7770833333333333,125.29166666666667,76.45833333333333
2025-11-15,60.89166666666666,56.800000000000004,618.0416666666666,19.229166666666668,23.304166666666664,116.5,0.29458333333333336,7.75,1.6624999999999999,144.41666666666666,82.83333333333333
2025-11-16,55.67916666666667,53.020833333333336,537.4166666666666,17.179166666666667,23.758333333333336,116.45833333333333,0.28708333333333336,4.875,1.6229166666666668,145.875,83.04166666666667
2025-11-17,55.09166666666667,52.88333333333333,523.375,15.362499999999999,24.145833333333332,121.70833333333333,0.29458333333333336,4.041666666666667,1.6145833333333333,140.66666666666666,81.04166666666667
2025-11-18,55.25,53.25833333333333,580.8333333333334,16.233333333333334,26.15416666666667,119.29166666666667,0.30624999999999997,3.5833333333333335,1.65625,144.375,82.66666666666667
2025-11-19,54.52916666666667,53.1625,611.7916666666666,16.758333333333333,25.570833333333336,120.91666666666667,0.3229166666666667,2.4583333333333335,1.7249999999999999,146.125,83.25
2025-11-20,47.425000000000004,46.34583333333333,595.125,16.008333333333333,25.354166666666668,121.25,0.20208333333333336,1.75,1.7229166666666667,143.83333333333334,82.45833333333333
2025-11-21,30.325,29.858333333333334,551.125,14.066666666666668,14.1875,94.95833333333333,0.2225,0.2916666666666667,1.2541666666666667,103.25,69.25
2025-11-22,26.1125,25.558333333333334,506.5416666666667,12.208333333333334,10.004166666666666,88.41666666666667,0.30875,0.08333333333333333,1.175,81.41666666666667,61.541666666666664
2025-11-23,27.71666666666667,26.454166666666666,473.3333333333333,11.141666666666666,10.1,93.83333333333333,0.30916666666666665,1.2916666666666667,1.5687499999999999,76.83333333333333,58.541666666666664
2025-11-24,31.125,30.108333333333334,498.375,11.879166666666668,10.845833333333333,95.16666666666667,0.2704166666666667,0.9583333333333334,1.6520833333333333,86.83333333333333,63.5
2025-11-25,38.75416666666667,37.887499999999996,497.125,11.991666666666667,11.629166666666668,106.04166666666667,0.27499999999999997,0.9583333333333334,1.625,89.20833333333333,63.916666666666664
2025-11-26,66.79166666666667,65.3125,572.4583333333334,14.012500000000001,18.954166666666666,110.375,0.48458333333333337,2.0,1.5333333333333332,140.54166666666666,82.83333333333333
2025-11-27,84.1125,82.04583333333333,574.9166666666666,12.933333333333332,21.366666666666664,118.20833333333333,0.7495833333333333,2.9166666666666665,1.3333333333333333,160.29166666666666,100.0
2025-11-28,61.333333333333336,59.50416666666666,471.9166666666667,12.345833333333333,19.754166666666666,115.08333333333333,0.41124999999999995,3.2916666666666665,1.4937500000000001,158.75,97.66666666666667
2025-11-29,45.94583333333333,44.80833333333334,518.25,13.325000000000001,20.508333333333333,113.04166666666667,0.3233333333333333,1.875,1.3687500000000001,140.04166666666666,81.45833333333333
2025-11-30,39.6875,39.15833333333333,536.4583333333334,13.725,21.95,111.54166666666667,0.31375000000000003,0.75,0.7791666666666667,114.08333333333333,72.79166666666667
2025-12-01,39.395833333333336,38.87916666666667,518.625,11.391666666666666,16.941666666666666,103.375,0.36791666666666667,0.5416666666666666,1.2729166666666667,109.41666666666667,71.29166666666667
2025-12-02,43.800000000000004,43.458333333333336,462.5833333333333,10.8375,18.883333333333333,108.54166666666667,0.5179166666666667,0.0,1.3229166666666667,114.04166666666667,72.95833333333333
2025-12-03,35.887499999999996,35.791666666666664,489.2916666666667,10.283333333333333,13.908333333333333,89.70833333333333,0.4379166666666667,0.0,0.9625,109.29166666666667,71.375
2025-12-04,44.300000000000004,43.96666666666667,495.5,9.733333333333333,13.775,92.75,0.6533333333333333,0.0,0.7541666666666668,109.25,71.41666666666667
2025-12-05,49.03333333333333,48.75416666666666,529.5833333333334,10.033333333333333,22.016666666666666,109.5,0.5395833333333333,0.16666666666666666,1.08125,122.95833333333333,75.70833333333333
2025-12-06,58.00416666666666,57.574999999999996,538.875,12.225,27.820833333333336,112.54166666666667,0.45083333333333336,1.0,1.3083333333333333,147.625,84.25
2025-12-07,54.62083333333334,53.699999999999996,550.75,13.200000000000001,25.162499999999998,121.25,0.33499999999999996,1.625,1.5229166666666665,149.625,85.0
2025-12-08,52.79583333333333,50.32083333333333,523.0,14.375,23.308333333333334,116.20833333333333,0.26875,4.5,1.5104166666666667,145.125,82.875
2025-12-09,38.0875,35.05833333333333,432.7916666666667,12.420833333333334,18.041666666666668,104.29166666666667,0.1675,5.5,1.6666666666666667,117.375,73.95833333333333
2025-12-10,34.108333333333334,32.30416666666667,412.7083333333333,13.120833333333332,18.220833333333335,109.75,0.15791666666666668,3.2083333333333335,1.6312499999999999,91.95833333333333,64.66666666666667
2025-12-11,27.40416666666667,26.670833333333334,438.0,15.25,17.145833333333332,107.25,0.12875,1.25,1.7291666666666667,96.25,65.5
2025-12-12,37.233333333333334,35.199999999999996,514.625,17.916666666666668,21.491666666666664,112.29166666666667,0.14208333333333334,3.9583333333333335,1.7270833333333335,96.375,64.83333333333333
2025-12-13,45.97083333333333,43.666666666666664,573.9583333333334,19.520833333333332,19.554166666666667,124.25,0.19375,4.541666666666667,1.6770833333333333,115.08333333333333,72.0
2025-12-14,50.97083333333333,49.0,558.2916666666666,14.670833333333334,19.870833333333334,136.58333333333334,0.31833333333333336,3.4583333333333335,1.5354166666666667,129.66666666666666,75.625
2025-12-15,59.43333333333334,56.77916666666667,577.5833333333334,12.816666666666668,20.175,134.91666666666666,0.3925,4.75,1.4145833333333335,147.58333333333334,83.625
2025-12-16,56.354166666666664,52.45416666666667,642.6666666666666,12.487499999999999,18.529166666666665,127.29166666666667,0.29791666666666666,7.083333333333333,1.5625,142.54166666666666,82.08333333333333
2025-12-17,73.625,67.74166666666666,650.1666666666666,15.470833333333333,23.020833333333332,126.04166666666667,0.31625,10.833333333333334,1.45,151.625,88.125
2025-12-18,56.725,52.987500000000004,605.5416666666666,15.862499999999999,25.525000000000002,109.5,0.19041666666666668,7.0,1.5458333333333334,155.875,93.45833333333333
2025-12-19,23.275000000000002,21.3625,466.25,15.616666666666667,16.029166666666665,86.625,0.09833333333333333,3.6666666666666665,1.5645833333333332,91.25,62.333333333333336
2025-12-20,35.891666666666666,33.775,568.0416666666666,16.662499999999998,19.445833333333333,102.25,0.16333333333333333,3.9583333333333335,1.4666666666666668,90.0,61.416666666666664
2025-12-21,48.708333333333336,46.92083333333333,917.5833333333334,17.95,21.170833333333334,119.25,0.25458333333333333,3.4166666666666665,1.4145833333333335,115.08333333333333,71.91666666666667
2025-12-22,61.63333333333333,59.333333333333336,747.4166666666666,19.433333333333334,24.491666666666664,117.33333333333333,0.33916666666666667,4.166666666666667,1.4416666666666667,144.70833333333334,83.04166666666667
2025-12-23,61.48333333333333,59.979166666666664,887.7083333333334,20.175,28.5,111.79166666666667,0.31958333333333333,2.5833333333333335,1.40625,152.83333333333334,88.875
2025-12-24,61.29583333333333,59.645833333333336,685.5416666666666,14.270833333333334,27.7625,117.70833333333333,0.4429166666666667,2.875,1.3354166666666665,149.16666666666666,85.08333333333333
2025-12-25,54.020833333333336,51.925000000000004,724.875,15.420833333333334,21.40833333333333,105.95833333333333,0.3770833333333334,3.3333333333333335,1.4437499999999999,151.45833333333334,87.33333333333333
2025-12-26,53.95416666666667,51.9125,786.5833333333334,13.9625,19.075,124.70833333333333,0.37333333333333335,3.0416666666666665,1.4208333333333334,135.20833333333334,78.875
2025-12-27,57.94166666666666,56.89166666666667,779.75,14.308333333333332,20.6875,129.20833333333334,0.4075,1.5833333333333333,1.3875,149.70833333333334,83.83333333333333
2025-12-28,64.075,62.84166666666667,707.2916666666666,14.112499999999999,19.641666666666666,123.91666666666667,0.4429166666666667,1.7916666666666667,1.3624999999999998,152.91666666666666,88.91666666666667
2025-12-29,59.71666666666667,58.791666666666664,704.125,16.145833333333332,18.858333333333334,117.5,0.40791666666666665,1.4166666666666667,1.3625,152.625,88.16666666666667
2025-12-30,57.90833333333333,56.94166666666666,954.625,19.941666666666666,20.075,118.66666666666667,0.3475,1.5416666666666667,1.4270833333333333,152.5,87.0
2025-12-31,64.80833333333334,63.916666666666664,927.8333333333334,21.154166666666665,20.275000000000002,111.5,0.4604166666666667,1.0,1.3583333333333334,149.70833333333334,85.25
2026-01-01,76.30416666666666,75.05416666666666,709.9166666666666,13.658333333333333,15.516666666666666,113.08333333333333,0.92625,1.0833333333333333,1.1125,157.5,95.79166666666667
2026-01-02,91.27499999999999,89.49166666666667,639.8333333333334,9.895833333333334,13.666666666666666,126.125,1.2579166666666668,1.625,1.01875,165.375,107.83333333333333
2026-01-03,84.36666666666666,82.83333333333333,616.125,9.15,13.341666666666667,119.75,1.2325,1.4166666666666667,1.0604166666666666,167.0,110.08333333333333
2026-01-04,69.99166666666666,68.29583333333333,612.0416666666666,10.583333333333334,13.625,109.95833333333333,0.87125,1.75,1.1291666666666667,159.41666666666666,98.79166666666667
2026-01-05,74.04583333333333,71.93333333333334,672.75,13.5,14.058333333333332,103.20833333333333,0.6254166666666666,2.625,1.3416666666666668,157.95833333333334,96.54166666666667
2026-01-06,66.93333333333334,65.2,580.625,14.766666666666666,17.283333333333335,101.625,0.43416666666666665,2.7083333333333335,1.5125,158.29166666666666,96.91666666666667
2026-01-07,47.800000000000004,45.987500000000004,570.375,16.650000000000002,17.816666666666666,91.91666666666667,0.29458333333333336,2.9583333333333335,1.6500000000000001,147.41666666666666,85.5
2026-01-08,44.89166666666667,43.10833333333333,577.9583333333334,15.983333333333334,16.679166666666667,104.0,0.28583333333333333,3.0,1.66875,112.0,72.25
2026-01-09,43.708333333333336,41.520833333333336,608.5416666666666,15.299999999999999,15.508333333333333,106.54166666666667,0.2525,3.625,1.7041666666666666,117.875,73.91666666666667
2026-01-10,31.55,30.28333333333333,491.0833333333333,11.966666666666667,13.595833333333333,96.375,0.19041666666666668,2.2083333333333335,1.5250000000000001,99.58333333333333,68.0
2026-01-11,43.4125,41.92916666666667,552.9166666666666,12.512500000000001,17.787499999999998,102.16666666666667,0.27875,2.375,1.6833333333333333,107.41666666666667,70.54166666666667
2026-01-12,33.854166666666664,32.86666666666667,564.6666666666666,9.216666666666667,12.308333333333332,107.625,0.28791666666666665,1.0,1.6791666666666665,100.54166666666667,68.125
2026-01-13,36.875,36.06666666666667,588.9583333333334,9.520833333333334,14.716666666666667,114.875,0.325,1.0,1.695833333333333,100.5,68.04166666666667
2026-01-14,51.512499999999996,50.574999999999996,817.9166666666666,14.404166666666667,15.475,118.29166666666667,0.5975,1.0,1.3833333333333335,119.95833333333333,74.45833333333333
2026-01-15,58.12916666666666,57.2125,884.2916666666666,13.0375,17.5625,120.45833333333333,0.8441666666666667,1.0833333333333333,1.1979166666666667,142.83333333333334,82.04166666666667
2026-01-16,62.64166666666667,61.17083333333333,613.0833333333334,15.458333333333334,17.579166666666666,118.08333333333333,0.4575,2.0833333333333335,1.5604166666666668,153.875,90.33333333333333
2026-01-17,44.81666666666666,43.63333333333333,777.8333333333334,22.27916666666667,21.34583333333333,105.58333333333333,0.20458333333333334,2.125,1.7604166666666667,141.875,82.58333333333333
2026-01-18,34.30416666666667,33.949999999999996,905.9166666666666,22.508333333333336,15.408333333333333,101.33333333333333,0.14125000000000001,0.5416666666666666,1.8458333333333334,106.33333333333333,70.41666666666667
2026-01-19,39.7875,39.19583333333333,644.7083333333334,10.783333333333333,10.895833333333334,112.625,0.29791666666666666,0.75,1.6937499999999999,99.25,67.66666666666667
2026-01-20,45.4,44.291666666666664,569.3333333333334,9.762500000000001,11.404166666666667,113.75,0.47500000000000003,1.4583333333333333,1.6187500000000001,117.375,74.0
2026-01-21,50.975,49.637499999999996,556.0,8.204166666666667,13.762500000000001,117.41666666666667,0.5995833333333334,1.9166666666666667,1.5625,128.45833333333334,77.45833333333333
2026-01-22,47.09166666666667,45.354166666666664,573.25,9.454166666666667,12.154166666666667,111.125,0.57625,2.6666666666666665,1.585416666666667,126.45833333333333,76.95833333333333
2026-01-23,51.42916666666667,49.875,571.5,9.1,12.174999999999999,116.16666666666667,0.5679166666666667,1.75,1.5999999999999999,133.04166666666666,78.91666666666667
2026-01-24,54.475,53.1625,583.375,9.095833333333333,12.950000000000001,115.54166666666667,0.5475,1.4166666666666667,1.5208333333333333,139.04166666666666,80.875
2026-01-25,51.5375,50.25416666666666,595.1666666666666,8.85,14.137500000000001,115.66666666666667,0.5750000000000001,1.625,1.3208333333333333,146.04166666666666,83.16666666666667
2026-01-26,41.583333333333336,40.24583333333333,485.375,6.441666666666666,11.354166666666666,117.125,0.5654166666666667,1.25,1.60625,119.875,74.875
2026-01-27,46.020833333333336,43.65416666666667,510.0416666666667,7.708333333333333,9.954166666666667,109.25,0.5658333333333333,3.6666666666666665,1.554166666666667,112.5,72.45833333333333
2026-01-28,55.387499999999996,51.99583333333334,601.7083333333334,9.183333333333334,9.820833333333333,109.5,0.67875,5.791666666666667,1.4375,133.79166666666666,79.125
2026-01-29,63.699999999999996,60.699999999999996,671.5416666666666,9.725,13.595833333333333,113.375,0.7470833333333333,4.833333333333333,1.4791666666666667,148.58333333333334,84.83333333333333
2026-01-30,78.07083333333334,74.61666666666666,585.9166666666666,8.920833333333333,14.183333333333332,111.54166666666667,0.8983333333333333,5.666666666666667,1.30625,156.54166666666666,94.29166666666667
2026-01-31,69.30833333333334,66.7375,551.7916666666666,7.8125,14.266666666666666,113.04166666666667,0.7029166666666667,4.208333333333333,1.58125,158.25,97.125
2026-02-01,78.10416666666667,74.74166666666666,598.0416666666666,10.049999999999999,12.1875,107.08333333333333,0.7324999999999999,4.958333333333333,1.4979166666666666,156.5,94.20833333333333
2026-02-02,94.32916666666667,90.52499999999999,772.9583333333334,11.829166666666666,13.708333333333334,112.08333333333333,0.7799999999999999,5.708333333333333,1.4416666666666667,166.66666666666666,109.66666666666667
2026-02-03,80.69583333333334,78.36666666666666,607.6666666666666,7.7375,14.299999999999999,125.08333333333333,0.9,3.0833333333333335,1.4020833333333333,165.625,108.08333333333333
2026-02-04,63.27916666666667,61.07083333333333,555.4166666666666,7.883333333333333,15.15,119.45833333333333,0.8429166666666666,3.0833333333333335,1.4708333333333332,155.33333333333334,92.58333333333333
2026-02-05,53.93333333333334,52.37916666666666,548.1666666666666,8.625,13.887500000000001,115.33333333333333,0.7095833333333333,2.0833333333333335,1.5916666666666668,149.125,85.20833333333333
2026-02-06,59.9,58.42083333333333,699.6666666666666,12.191666666666668,15.758333333333333,111.16666666666667,0.62,2.125,1.6624999999999999,151.0,87.20833333333333
2026-02-07,54.6,53.5375,857.125,15.045833333333334,17.841666666666665,115.83333333333333,0.49124999999999996,1.625,1.7645833333333334,145.125,82.54166666666667
2026-02-08,46.70416666666667,45.0375,525.2916666666666,15.75,18.708333333333332,113.66666666666667,0.31958333333333333,2.9166666666666665,1.9166666666666667,143.04166666666666,82.25
2026-02-09,40.9375,38.458333333333336,538.75,14.983333333333334,14.683333333333332,118.875,0.33125,4.208333333333333,1.90625,115.04166666666667,70.70833333333333
2026-02-10,40.362500000000004,38.083333333333336,750.4166666666666,10.5625,10.283333333333333,122.625,0.24208333333333334,3.7916666666666665,2.0375,115.04166666666667,72.79166666666667
2026-02-11,44.875,42.36666666666667,643.75,8.570833333333333,11.516666666666666,122.04166666666667,0.29250000000000004,3.7916666666666665,2.03125,109.875,70.75
2026-02-12,43.275,40.46666666666667,573.0833333333334,8.904166666666667,13.266666666666666,123.58333333333333,0.2725,4.75,2.0541666666666667,119.08333333333333,73.16666666666667
2026-02-13,44.28333333333333,42.541666666666664,747.5416666666666,9.5,15.2125,127.125,0.33708333333333335,2.75,1.9791666666666667,117.625,73.25
2026-02-14,50.15416666666667,48.300000000000004,673.4166666666666,10.266666666666667,14.766666666666667,127.91666666666667,0.4608333333333334,2.875,1.8104166666666668,125.41666666666667,75.70833333333333
2026-02-15,62.729166666666664,60.625,845.75,15.004166666666668,15.5,126.95833333333333,0.6783333333333333,3.625,1.7354166666666666,144.16666666666666,82.5
2026-02-16,70.45416666666667,68.58333333333333,687.2083333333334,13.158333333333333,15.329166666666666,130.0,0.69875,3.2083333333333335,1.7020833333333334,156.5,94.25
2026-02-17,51.37916666666666,50.23333333333333,552.9166666666666,7.229166666666667,12.458333333333334,127.33333333333333,0.5408333333333334,1.9166666666666667,1.8791666666666667,150.25,87.25
2026-02-18,43.02916666666667,41.875,540.6666666666666,6.883333333333333,11.441666666666668,123.66666666666667,0.43041666666666667,1.625,1.9749999999999999,124.08333333333333,75.91666666666667
